Workbook

Sheet ABC-to-ABC_Weekday
A1: Last Updated: | B1: 45345 | C1: Z1
A2: STATION | B2: COORDINATES | C2: 4400 | D2: 4402 | E2: 4420
A3: DE WILDT | B3: -25.624641315648187, 27.944111334913465 | C3: 0.19444444 | D3: 0.3125 | E3: 0.68402778
A4: TAILLARDSHOOP | B4: -25.617806769500547, 27.972401220150644 | C4: 0.19791667 | D4: 0.31597222 | E4: 0.6875
A5: GA-RANKUWA | B5: -25.619463521827942, 27.991787773598496 | C5: 0.2 | D5: 0.31805556 | E5: 0.68958333
A6: ROSSLYN | B6: -25.637700722357806, 28.094920182723996 | C6: 0.20833333 | D6: 0.32638889 | E6: 0.69791667
A7: WINTERSNEST | B7: -25.646665143468105, 28.128664081235527 | C7: 0.21180556 | D7: 0.32986111 | E7: 0.70138889
A8: WOLMERTON | B8: -25.656754583256834, 28.166308537943245 | C8: 0.21597222 | D8: 0.33402778 | E8: 0.70555556
A9: PRETORIA-N | B9: -25.672156912459837, 28.181972182122085 | C9: 0.21875 | D9: 0.33680556 | E9: 0.70833333
A10: MOUNTAIN VIEW | B10: -25.701154966265122, 28.1710407244521 | C10: 0.22361111 | D10: 0.34166667 | E10: 0.71319444
A11: HERCULES | B11: -25.724426332570793, 28.16740145328856 | C11: 0.22708333 | D11: 0.34513889 | E11: 0.71666667
A12: PRETORIA WES | B12: -25.75612607001734, 28.167454033423436 | C12: 0.23194444 | D12: 0.35 | E12: 0.72152778
A13: PRETORIA | B13: -25.75864361043285, 28.189866445989118 | C13: 0.23611111 | D13: 0.35416667 | E13: 0.72569444
A33: =SORT(A2:A14, ROW(A2:A14), 0)

Sheet PRETORIA - IRENE - KEMPTON PARK
B9: Train No. | C9: 0500 | D9: 502 | E9: 624 | F9: 604 | G9: 506 | H9: 626 | I9: 628 | J9: 512 | K9: 616 | L9: 630 | M9: 514 | N9: 632 | O9: 618 | P9: 516 | Q9: 634 | R9: 518 | S9: 636 | T9: 520 | U9: 638 | V9: 522 | W9: 620 | X9: 640 | Y9: 524 | Z9: 642 | AA9: 526 | AB9: 622 | AC9: 644 | AD9: 528 | AE9: 646 | AF9: 654 | AG9: 530
B10: PRETORIA | E10: 0.21527778 | F10: 0.23611111 | H10: 0.26388889 | I10: 0.3125 | K10: 0.34027778 | L10: 0.36458333 | N10: 0.41319444 | O10: 0.44791667 | Q10: 0.46180556 | S10: 0.51041667 | U10: 0.55902778 | W10: 0.60069444 | X10: 0.60763889 | Z10: 0.65625 | AB10: 0.70138889 | AC10: 0.71180556 | AE10: 0.76041667 | AF10: 0.80555556
B11: FONTEINE
B12: KLOOFSIG
B13: SPORTPARK | E13: 0.22361111 | F13: 0.24375 | H13: 0.27222222 | I13: 0.32083333 | K13: 0.34791667 | L13: 0.37291667 | N13: 0.42152778 | O13: 0.45555556 | Q13: 0.47013889 | S13: 0.51875 | U13: 0.56736111 | W13: 0.60833333 | X13: 0.61597222 | Z13: 0.66458333 | AB13: 0.70902778 | AC13: 0.72013889 | AE13: 0.76875 | AF13: 0.81388889
B14: CENTURION | E14: 0.22638889 | F14: 0.24652778 | H14: 0.275 | I14: 0.32361111 | K14: 0.35069444 | L14: 0.37569444 | N14: 0.42430556 | O14: 0.45833333 | Q14: 0.47291667 | S14: 0.52152778 | U14: 0.57013889 | W14: 0.61111111 | X14: 0.61875 | Z14: 0.66736111 | AB14: 0.71180556 | AC14: 0.72291667 | AE14: 0.77152778 | AF14: 0.81736111
B15: IRENE | E15: 0.23263889 | F15: 0.25208333 | H15: 0.28125 | I15: 0.32986111 | K15: 0.35625 | L15: 0.38194444 | N15: 0.43055556 | O15: 0.46388889 | Q15: 0.47916667 | S15: 0.52777778 | U15: 0.57638889 | W15: 0.61666667 | X15: 0.625 | Z15: 0.67361111 | AB15: 0.71736111 | AC15: 0.72916667 | AE15: 0.77777778 | AF15: 0.82291667
B16: PINEDENE
B17: OLIFANTSFONTEIN | F17: 0.26111111 | K17: 0.36527778 | O17: 0.47291667 | W17: 0.62569444 | AF17: 0.83333333
B18: OAKMOOR | F18: 0.26666667 | K18: 0.37083333 | O18: 0.47847222 | W18: 0.63125 | AF18: 0.83888889
B19: LERALLA | C19: 0.15277778 | D19: 0.21180556 | G19: 0.25694444 | J19: 0.32291667 | M19: 0.37152778 | P19: 0.44791667 | R19: 0.48958333 | T19: 0.55208333 | V19: 0.59375 | Y19: 0.65625 | AA19: 0.69791667 | AD19: 0.76041667 | AG19: 0.81597222
B20: LIMINDLELA | C20: 0.15694444 | D20: 0.21597222 | G20: 0.26111111 | J20: 0.32708333 | M20: 0.37569444 | P20: 0.45208333 | R20: 0.49375 | T20: 0.55625 | V20: 0.59791667 | Y20: 0.66041667 | AA20: 0.70208333 | AD20: 0.76458333 | AG20: 0.82013889
B21: TEMBISA | C21: 0.16111111 | D21: 0.22013889 | G21: 0.26527778 | J21: 0.33125 | M21: 0.37986111 | P21: 0.45625 | R21: 0.49791667 | T21: 0.56041667 | V21: 0.60208333 | Y21: 0.66458333 | AA21: 0.70625 | AD21: 0.76875 | AG21: 0.82430556
B22: KAALFONTEIN
B23: BIRCHLEIGH
B24: VAN RIEBEECKPARK
B25: KEMPTON PARK | C25: 0.17777778 | D25: 0.23680556 | F25: 0.27777778 | G25: 0.28194444 | J25: 0.34791667 | K25: 0.38194444 | M25: 0.39652778 | O25: 0.48958333 | P25: 0.47291667 | R25: 0.51458333 | T25: 0.57708333 | V25: 0.61875 | W25: 0.64236111 | Y25: 0.68125 | AA25: 0.72291667 | AB25: 0.74305556 | AD25: 0.78541667 | AF25: 0.85208333 | AG25: 0.84097222
B26: RHODESFIELD | C26: 0.18125 | D26: 0.24027778 | G26: 0.28541667 | J26: 0.35138889 | M26: 0.4 | P26: 0.47638889 | R26: 0.51805556 | T26: 0.58055556 | V26: 0.62222222 | Y26: 0.68472222 | AA26: 0.72638889 | AD26: 0.78888889 | AF26: 0.85486111 | AG26: 0.84444444
B27: ISANDO
B28: ELANDSFONTEIN
B29: RAVENSKLIP | C29: 0.18819444 | D29: 0.24722222 | G29: 0.29236111 | J29: 0.35902778 | M29: 0.40763889 | P29: 0.48402778 | R29: 0.52569444 | T29: 0.58819444 | V29: 0.62986111 | Y29: 0.69236111 | AA29: 0.73402778 | AD29: 0.79652778 | AF29: 0.85902778 | AG29: 0.85208333
B30: KNIGHTS
B31: GERMISTON | C31: 0.19791667 | D31: 0.25694444 | G31: 0.30208333 | J31: 0.36875 | M31: 0.41736111 | P31: 0.49375 | R31: 0.53541667 | T31: 0.59791667 | V31: 0.63958333 | Y31: 0.70208333 | AA31: 0.74375 | AD31: 0.80625 | AG31: 0.86180556
B43: Train No. | C43: 603 | D43: 501 | E43: 625 | F43: 505 | G43: 615 | H43: 627 | I43: 507 | J43: 629 | K43: 631 | L43: 617 | M43: 509 | N43: 633 | O43: 511 | P43: 635 | Q43: 619 | R43: 513 | S43: 637 | T43: 515 | U43: 639 | V43: 517 | W43: 641 | X43: 519 | Y43: 621 | Z43: 643 | AA43: 521 | AB43: 645 | AC43: 623 | AD43: 523 | AE43: 647 | AF43: 525
B44: GERMISTON | D44: 0.20486111 | F44: 0.27083333 | I44: 0.31944444 | M44: 0.39583333 | O44: 0.4375 | R44: 0.5 | T44: 0.54166667 | V44: 0.60416667 | X44: 0.64583333 | AA44: 0.70833333 | AD44: 0.76388889 | AF44: 0.81944444
B45: KNIGHTS
B46: RAVENSKLIP | D46: 0.21388889 | F46: 0.27986111 | I46: 0.32916667 | M46: 0.40555556 | O46: 0.44722222 | R46: 0.50972222 | T46: 0.55138889 | V46: 0.61319444 | X46: 0.65486111 | AA46: 0.71805556 | AD46: 0.77361111 | AF46: 0.82916667
B47: ELANDSFONTEIN | C47: 0.17361111
B48: ISANDO
B49: RHODESFIELD | C49: 0.17847222 | D49: 0.22222222 | F49: 0.28819444 | I49: 0.3375 | M49: 0.41388889 | O49: 0.45555556 | R49: 0.51805556 | T49: 0.55972222 | V49: 0.62152778 | X49: 0.66319444 | AA49: 0.72638889 | AD49: 0.78194444 | AF49: 0.8375
B50: KEMPTON PARK | C50: 0.18125 | D50: 0.22569444 | F50: 0.29166667 | G50: 0.28472222 | I50: 0.34097222 | L50: 0.39583333 | M50: 0.41736111 | O50: 0.45902778 | Q50: 0.5 | R50: 0.52152778 | T50: 0.56319444 | V50: 0.625 | X50: 0.66666667 | Y50: 0.64930556 | AA50: 0.72986111 | AC50: 0.75347222 | AD50: 0.78541667 | AF50: 0.84097222
B51: VAN RIEBEECKPARK
B52: BIRCHLEIGH
B53: KAALFONTEIN
B54: TEMBISA | D54: 0.24166667 | F54: 0.30763889 | I54: 0.35694444 | M54: 0.43333333 | O54: 0.475 | R54: 0.5375 | T54: 0.57916667 | V54: 0.64097222 | X54: 0.68263889 | AA54: 0.74583333 | AD54: 0.80138889 | AF54: 0.85694444
B55: LIMINDLELA | D55: 0.24583333 | F55: 0.31180556 | I55: 0.36111111 | M55: 0.4375 | O55: 0.47916667 | R55: 0.54166667 | T55: 0.58333333 | V55: 0.64513889 | X55: 0.68680556 | AA55: 0.75 | AD55: 0.80555556 | AF55: 0.86111111
B56: LERALLA | D56: 0.25 | F56: 0.31597222 | I56: 0.36527778 | M56: 0.44166667 | O56: 0.48333333 | R56: 0.54583333 | T56: 0.5875 | V56: 0.64930556 | X56: 0.69097222 | AA56: 0.75416667 | AD56: 0.80972222 | AF56: 0.86527778
B57: OAKMOOR | C57: 0.19513889 | G57: 0.29652778 | L57: 0.40763889 | Q57: 0.51180556 | Y57: 0.66111111 | AC57: 0.76527778
B58: OLIFANTSFONTEIN | C58: 0.20069444 | G58: 0.30208333 | L58: 0.41319444 | Q58: 0.51736111 | Y58: 0.66666667 | AC58: 0.77083333
B59: PINEDENE
B60: IRENE | C60: 0.20972222 | E60: 0.23958333 | G60: 0.31041667 | H60: 0.28819444 | J60: 0.33680556 | K60: 0.38888889 | L60: 0.42152778 | N60: 0.4375 | P60: 0.48611111 | Q60: 0.52569444 | S60: 0.53472222 | U60: 0.58333333 | W60: 0.63194444 | Y60: 0.675 | Z60: 0.68055556 | AB60: 0.73611111 | AC60: 0.77916667 | AE60: 0.78472222
B61: CENTURION | C61: 0.21666667 | E61: 0.24583333 | G61: 0.31666667 | H61: 0.29444444 | J61: 0.34305556 | K61: 0.39513889 | L61: 0.42777778 | N61: 0.44375 | P61: 0.49236111 | Q61: 0.53194444 | S61: 0.54097222 | U61: 0.58958333 | W61: 0.63819444 | Y61: 0.68125 | Z61: 0.68680556 | AB61: 0.74236111 | AC61: 0.78541667 | AE61: 0.79097222
B62: SPORTPARK | C62: 0.21875 | E62: 0.24861111 | G62: 0.31875 | H62: 0.29722222 | J62: 0.34583333 | K62: 0.39791667 | L62: 0.42986111 | N62: 0.44652778 | P62: 0.49513889 | Q62: 0.53402778 | S62: 0.54375 | U62: 0.59236111 | W62: 0.64097222 | Y62: 0.68333333 | Z62: 0.68958333 | AB62: 0.74513889 | AC62: 0.7875 | AE62: 0.79375
B63: KLOOFSIG
B64: FONTEINE
B65: PRETORIA | C65: 0.22708333 | E65: 0.25694444 | G65: 0.32638889 | H65: 0.30555556 | J65: 0.35416667 | K65: 0.40625 | L65: 0.4375 | N65: 0.45486111 | P65: 0.50347222 | Q65: 0.54166667 | S65: 0.55208333 | U65: 0.60069444 | W65: 0.64930556 | Y65: 0.69097222 | Z65: 0.69791667 | AB65: 0.75347222 | AC65: 0.79513889 | AE65: 0.80208333
B84: PRETORIA | D84: 0.21527778 | E84: 0.23611111 | F84: 0.26388889 | G84: 0.3125 | H84: 0.34027778 | I84: 0.36458333 | J84: 0.41319444 | K84: 0.44791667 | L84: 0.46180556 | M84: 0.51041667 | N84: 0.55902778 | O84: 0.60069444 | P84: 0.60763889 | Q84: 0.65625 | R84: 0.70138889 | S84: 0.71180556 | T84: 0.76041667 | U84: 0.80555556
B85: FONTEINE
B86: KLOOFSIG
B87: SPORTPARK | D87: 0.22361111 | E87: 0.24375 | F87: 0.27222222 | G87: 0.32083333 | H87: 0.34791667 | I87: 0.37291667 | J87: 0.42152778 | K87: 0.45555556 | L87: 0.47013889 | M87: 0.51875 | N87: 0.56736111 | O87: 0.60833333 | P87: 0.61597222 | Q87: 0.66458333 | R87: 0.70902778 | S87: 0.72013889 | T87: 0.76875 | U87: 0.81388889
B88: CENTURION | D88: 0.22638889 | E88: 0.24652778 | F88: 0.275 | G88: 0.32361111 | H88: 0.35069444 | I88: 0.37569444 | J88: 0.42430556 | K88: 0.45833333 | L88: 0.47291667 | M88: 0.52152778 | N88: 0.57013889 | O88: 0.61111111 | P88: 0.61875 | Q88: 0.66736111 | R88: 0.71180556 | S88: 0.72291667 | T88: 0.77152778 | U88: 0.81736111
B89: IRENE | D89: 0.23263889 | E89: 0.25208333 | F89: 0.28125 | G89: 0.32986111 | H89: 0.35625 | I89: 0.38194444 | J89: 0.43055556 | K89: 0.46388889 | L89: 0.47916667 | M89: 0.52777778 | N89: 0.57638889 | O89: 0.61666667 | P89: 0.625 | Q89: 0.67361111 | R89: 0.71736111 | S89: 0.72916667 | T89: 0.77777778 | U89: 0.82291667
B90: PINEDENE
B91: OLIFANTSFONTEIN | E91: 0.26111111 | H91: 0.36527778 | K91: 0.47291667 | O91: 0.62569444 | U91: 0.83333333
B92: OAKMOOR | E92: 0.26666667 | H92: 0.37083333 | K92: 0.47847222 | O92: 0.63125 | U92: 0.83888889
B93: KAALFONTEIN
B94: BIRCHLEIGH
B95: VAN RIEBEECKPARK
B96: KEMPTON PARK | E96: 0.27777778 | H96: 0.38194444 | K96: 0.48958333 | O96: 0.64236111 | R96: 0.74305556 | U96: 0.85208333
B98: PRETORIA-> | C98: KEMPTON PARK
B100: PRETORIA | D100: 0.23611111 | E100: 0.34027778 | F100: 0.44791667 | G100: 0.60069444 | H100: 0.70138889 | I100: 0.80555556
B101: FONTEINE
B102: KLOOFSIG
B103: SPORTPARK | D103: 0.24375 | E103: 0.34791667 | F103: 0.45555556 | G103: 0.60833333 | H103: 0.70902778 | I103: 0.81388889
B104: CENTURION | D104: 0.24652778 | E104: 0.35069444 | F104: 0.45833333 | G104: 0.61111111 | H104: 0.71180556 | I104: 0.81736111
B105: IRENE | D105: 0.25208333 | E105: 0.35625 | F105: 0.46388889 | G105: 0.61666667 | H105: 0.71736111 | I105: 0.82291667
B106: PINEDENE
B107: OLIFANTSFONTEIN | D107: 0.26111111 | E107: 0.36527778 | F107: 0.47291667 | G107: 0.62569444 | H107: 0.72638889 | I107: 0.83333333
B108: OAKMOOR | D108: 0.26666667 | E108: 0.37083333 | F108: 0.47847222 | G108: 0.63125 | H108: 0.73194444 | I108: 0.83888889
B109: KAALFONTEIN
B110: BIRCHLEIGH
B111: VAN RIEBEECKPARK
B112: KEMPTON PARK | D112: 0.27777778 | E112: 0.38194444 | F112: 0.48958333 | G112: 0.64236111 | H112: 0.74305556 | I112: 0.85208333
B121: KEMPTON PARK-> | C121: IRENE-> | D121: PRETORIA
B124: Train No. | C124: 615 | D124: 617 | E124: 619 | F124: 621 | G124: 623
B125: KEMPTON PARK | C125: 0.28472222 | D125: 0.39583333 | E125: 0.5 | F125: 0.64930556 | G125: 0.75347222
B126: VAN RIEBEECKPARK
B127: BIRCHLEIGH
B128: KAALFONTEIN
B129: OAKMOOR | C129: 0.29652778 | D129: 0.40763889 | E129: 0.51180556 | F129: 0.66111111 | G129: 0.76527778
B130: OLIFANTSFONTEIN | C130: 0.30208333 | D130: 0.41319444 | E130: 0.51736111 | F130: 0.66666667 | G130: 0.77083333
B131: PINEDENE
B132: IRENE | C132: 0.31041667 | D132: 0.42152778 | E132: 0.52569444 | F132: 0.675 | G132: 0.77916667
B133: CENTURION | C133: 0.31666667 | D133: 0.42777778 | E133: 0.53194444 | F133: 0.68125 | G133: 0.78541667
B134: SPORTPARK | C134: 0.31875 | D134: 0.42986111 | E134: 0.53402778 | F134: 0.68333333 | G134: 0.7875
B135: KLOOFSIG
B136: FONTEINE
B137: PRETORIA | C137: 0.32638889 | D137: 0.4375 | E137: 0.54166667 | F137: 0.69097222 | G137: 0.79513889

Sheet Archive_2025
A3: PTA-to-PIEN_Weekday
A6: STATION | B6: =UPPER("Coordinates") -> COORDINATES | C6: 9181 | D6: 1151 | E6: 9183 | F6: 1152 | G6: 1105 | H6: 1155 | I6: 1107 | J6: 1154 | K6: 1129 | L6: 1159 | M6: 1111 | N6: 1161 | O6: 1112 | P6: 1162 | Q6: 1115 | R6: 9129 | S6: 9111 | T6: 9152 | U6: 9115 | V6: 9117 | W6: 9119 | X6: 1167 | Y6: 1122 | Z6: 1165 | AA6: 1121 | AB6: 1171 | AC6: 1127 | AD6: 1169 | AE6: 1125 | AF6: 1172 | AG6: 1129 | AH6: 9121 | AI6: 9123 | AM6: Inter-station times
A7: PRETORIA | B7: -25.75864361043285, 28.189866445989118 | D7: 0.1875 | F7: 0.21527778 | H7: 0.22222222 | J7: 0.26527778 | L7: 0.27916667 | N7: =M19 -> #REF! | P7: 0.33680556 | R7: 0.36111111 | S7: 0.4375 | T7: 0.51388889 | U7: 0.59027778 | V7: 0.62847222 | W7: 0.63541667 | X7: 0.66319444 | Z7: 0.67013889 | AB7: 0.70486111 | AD7: =AB14 -> #REF! | AF7: 0.75 | AH7: =AH8-#REF! -> #REF! | AI7: =AI8-#REF! -> #REF! | AM7: 40min TRIP | AN7: 45min TRIP
A8: MEARS STREET | B8: -25.759836388884576, 28.201559350093763 | D8: 0.18958333 | F8: =F7+#REF!+TIME(0,1,0) -> #REF! | H8: =H7+#REF! -> #REF! | J8: =J7+#REF! -> #REF! | L8: 0.28055556 | N8: =N7+#REF!+TIME(0,1,0) -> #REF! | P8: 0.33888889 | R8: =R7+#REF! -> #REF! | S8: =S7+#REF! -> #REF! | T8: =T7+#REF! -> #REF! | U8: =U7+#REF! -> #REF! | V8: =V7+#REF! -> #REF! | W8: =W7+#REF! -> #REF! | X8: =X7+#REF! -> #REF! | Z8: =Z7+#REF! -> #REF! | AB8: =AB7+#REF! -> #REF! | AD8: =AD7+#REF!+TIME(0,1,0) -> #REF! | AF8: =AF7+#REF!+TIME(0,1,0) -> #REF! | AH8: 0.76388889 | AI8: 0.80902778 | AL8: ='PTA-to-PIEN_Weekday'!A3 -> PRETORIA | AM8: 0 | AN8: 0
A9: DEVENISH STREET | B9: -25.760571651064055, 28.209966455924803 | D9: 0.19097222 | F9: =F8+#REF! -> #REF! | H9: =H8+#REF! -> #REF! | J9: =J8+#REF! -> #REF! | L9: 0.28194444 | N9: =N8+#REF! -> #REF! | P9: 0.34027778 | R9: =R8+#REF! -> #REF! | S9: =S8+#REF! -> #REF! | T9: =T8+#REF! -> #REF! | U9: =U8+#REF! -> #REF! | V9: =V8+#REF! -> #REF! | W9: =W8+#REF! -> #REF! | X9: =X8+#REF! -> #REF! | Z9: =Z8+#REF! -> #REF! | AB9: =AB8+#REF! -> #REF! | AD9: =AD8+#REF! -> #REF! | AF9: =AF8+#REF! -> #REF! | AH9: =AH8+#REF! -> #REF! | AI9: =AI8+#REF! -> #REF! | AL9: ='PTA-to-PIEN_Weekday'!A4 -> MEARS STREET | AM9: 0.0020833333 | AN9: 0.0020833333
A10: WALKER STREET | B10: -25.76012800529803, 28.213499980098053 | D10: 0.19236111 | F10: =F9+#REF! -> #REF! | H10: =H9+#REF! -> #REF! | J10: =J9+#REF! -> #REF! | L10: 0.28333333 | N10: =N9+#REF! -> #REF! | P10: 0.34166667 | R10: =R9+#REF! -> #REF! | S10: =S9+#REF! -> #REF! | T10: =T9+#REF! -> #REF! | U10: =U9+#REF! -> #REF! | V10: =V9+#REF! -> #REF! | W10: =W9+#REF! -> #REF! | X10: =X9+#REF! -> #REF! | Z10: =Z9+#REF! -> #REF! | AB10: =AB9+#REF! -> #REF! | AD10: =AD9+#REF! -> #REF! | AF10: =AF9+#REF! -> #REF! | AH10: =AH9+#REF!+TIME(0,1,0) -> #REF! | AI10: =AI9+#REF! -> #REF! | AL10: ='PTA-to-PIEN_Weekday'!A5 -> DEVENISH STREET | AM10: 0.0013888889 | AN10: 0.0013888889
A11: LOFTUS VERSFELD PARK | B11: -25.754940155678536, 28.22535667426071 | D11: 0.19444444 | F11: =F10+#REF! -> #REF! | H11: =H10+#REF! -> #REF! | J11: =J10+#REF! -> #REF! | L11: 0.28541667 | N11: =N10+#REF! -> #REF! | P11: 0.34375 | R11: =R10+#REF! -> #REF! | S11: =S10+#REF! -> #REF! | T11: =T10+#REF! -> #REF! | U11: =U10+#REF! -> #REF! | V11: =V10+#REF! -> #REF! | W11: =W10+#REF! -> #REF! | X11: =X10+#REF! -> #REF! | Z11: =Z10+#REF! -> #REF! | AB11: =AB10+#REF! -> #REF! | AD11: =AD10+#REF! -> #REF! | AF11: =AF10+#REF!-TIME(0,1,0) -> #REF! | AH11: =AH10+#REF!-TIME(0,1,0) -> #REF! | AI11: =AI10+#REF! -> #REF! | AL11: ='PTA-to-PIEN_Weekday'!A6 -> WALKER STREET | AM11: 0.0013888889 | AN11: 0.0013888889
A12: RISSIK | B12: -25.749263370927064, 28.232274866782785 | D12: 0.19583333 | F12: =F11+#REF! -> #REF! | H12: =H11+#REF! -> #REF! | J12: =J11+#REF! -> #REF! | L12: 0.28680556 | N12: =N11+#REF! -> #REF! | P12: 0.34583333 | R12: =R11+#REF! -> #REF! | S12: =S11+#REF! -> #REF! | T12: =T11+#REF! -> #REF! | U12: =U11+#REF! -> #REF! | V12: =V11+#REF! -> #REF! | W12: =W11+#REF! -> #REF! | X12: =X11+#REF! -> #REF! | Z12: =Z11+#REF! -> #REF! | AB12: =AB11+#REF! -> #REF! | AD12: =AD11+#REF! -> #REF! | AF12: =AF11+#REF!+TIME(0,1,0) -> #REF! | AH12: =AH11+#REF!+TIME(0,1,0) -> #REF! | AI12: =AI11+#REF!+TIME(0,1,0) -> #REF! | AL12: ='PTA-to-PIEN_Weekday'!A7 -> LOFTUS VERSFELD PARK | AM12: 0.0020833333 | AN12: 0.0020833333
A13: HARTBEESSPRUIT | B13: -25.746516360305577, 28.2411523995095 | D13: 0.19791667 | F13: =F12+#REF! -> #REF! | H13: =H12+#REF! -> #REF! | J13: =J12+#REF! -> #REF! | L13: 0.28819444 | N13: =N12+#REF! -> #REF! | P13: 0.34722222 | R13: =R12+#REF!-TIME(0,1,0) -> #REF! | S13: =S12+#REF! -> #REF! | T13: =T12+#REF! -> #REF! | U13: =U12+#REF! -> #REF! | V13: =V12+#REF! -> #REF! | W13: =W12+#REF! -> #REF! | X13: =X12+#REF! -> #REF! | Z13: =Z12+#REF! -> #REF! | AB13: =AB12+#REF! -> #REF! | AD13: =AD12+#REF! -> #REF! | AF13: =AF12+#REF! -> #REF! | AH13: =AH12+#REF! -> #REF! | AI13: =AI12+#REF!+TIME(0,1,0) -> #REF! | AL13: ='PTA-to-PIEN_Weekday'!A8 -> RISSIK | AM13: 0.0013888889 | AN13: 0.0013888889
A14: KOEDOESPOORT | B14: -25.72608149772232, 28.27872645216183 | C14: 0.19097222 | D14: 0.20138889 | E14: 0.21180556 | F14: =F13+#REF!+TIME(0,1,0) -> #REF! | G14: 0.23958333 | H14: =H13+#REF! -> #REF! | I14: 0.25 | J14: =J13+#REF! -> #REF! | K14: 0.28819444 | L14: 0.29166667 | M14: 0.30208333 | N14: =N13+#REF! -> #REF! | O14: 0.33680556 | P14: 0.35069444 | Q14: 0.35763889 | R14: =R13+#REF!+TIME(0,1,0) -> #REF! | S14: =S13+#REF! -> #REF! | T14: =T13+#REF! -> #REF! | U14: =U13+#REF! -> #REF! | V14: =V13+#REF! -> #REF! | W14: =W13+#REF! -> #REF! | X14: =X13+#REF!+TIME(0,2,0) -> #REF! | Y14: =Z14 -> #REF! | Z14: =Z13+#REF!+TIME(0,2,0) -> #REF! | AA14: 0.69097222 | AB14: =AB13+#REF!+TIME(0,1,0)+TIME(0,1,0) -> #REF! | AC14: 0.72569444 | AD14: =AD13+#REF! -> #REF! | AE14: 0.73958333 | AF14: =AF13+#REF! -> #REF! | AG14: 0.77083333 | AH14: =AH13+#REF! -> #REF! | AI14: =AI13+#REF!+TIME(0,1,0)+TIME(0,1,0) -> #REF! | AL14: ='PTA-to-PIEN_Weekday'!A9 -> HARTBEESSPRUIT | AM14: 0.0020833333 | AN14: 0.0013888889
A15: SILVERTON | B15: -25.727434500448368, 28.296925669958974 | C15: 0.19236111 | E15: =E14+#REF!-TIME(0,1,0) -> #REF! | G15: =G14+#REF! -> #REF! | I15: 0.25277778 | K15: 0.29027778 | M15: =M14+#REF! -> #REF! | O15: 0.33819444 | Q15: =Q14+#REF!-TIME(0,1,0) -> #REF! | R15: =R14+#REF! -> #REF! | S15: =S14+#REF! -> #REF! | T15: =T14+#REF! -> #REF! | U15: =U14+#REF! -> #REF! | V15: =V14+#REF! -> #REF! | W15: =W14+#REF! -> #REF! | Y15: =Y14+#REF!-TIME(0,2,0) -> #REF! | AA15: =AA14+#REF!-TIME(0,2,0) -> #REF! | AC15: =AC14+#REF! -> #REF! | AE15: =AE14+#REF! -> #REF! | AG15: =AG14+#REF!-TIME(0,1,0) -> #REF! | AH15: =AH14+#REF! -> #REF! | AI15: =AI14+#REF!-TIME(0,1,0) -> #REF! | AL15: ='PTA-to-PIEN_Weekday'!A11 -> KOEDOESPOORT | AM15: 0.0020833333 | AN15: 0.0034722222
A16: WALTOO | B16: -25.716968225345873, 28.321353261409016 | C16: 0.19513889 | E16: =E15+#REF!+TIME(0,1,0) -> #REF! | G16: =G15+#REF! -> #REF! | I16: 0.25486111 | K16: 0.29236111 | M16: =M15+#REF! -> #REF! | O16: 0.34097222 | Q16: =Q15+#REF! -> #REF! | R16: =R15+#REF! -> #REF! | S16: =S15+#REF! -> #REF! | T16: =T15+#REF! -> #REF! | U16: =U15+#REF! -> #REF! | V16: =V15+#REF! -> #REF! | W16: =W15+#REF! -> #REF! | Y16: =Y15+#REF!+TIME(0,1,0) -> #REF! | AA16: =AA15+#REF!+TIME(0,1,0) -> #REF! | AC16: =AC15+#REF! -> #REF! | AE16: =AE15+#REF! -> #REF! | AG16: =AG15+#REF!+TIME(0,1,0) -> #REF! | AH16: =AH15+#REF! -> #REF! | AI16: =AI15+#REF! -> #REF! | AL16: ='PTA-to-PIEN_Weekday'!A12 -> SILVERTON | AM16: 0.0027777778 | AN16: 0.0020833333
A17: DENNEBOOM | B17: -25.719077472725353, 28.336637070658863 | C17: 0.19652778 | E17: =E16+#REF!-TIME(0,1,0) -> #REF! | G17: =G16+#REF!-TIME(0,1,0) -> #REF! | I17: 0.25625 | K17: 0.29375 | M17: =M16+#REF!-TIME(0,1,0) -> #REF! | O17: 0.34236111 | Q17: =Q16+#REF! -> #REF! | R17: =R16+#REF! -> #REF! | S17: =S16+#REF! -> #REF! | T17: =T16+#REF! -> #REF! | U17: =U16+#REF! -> #REF! | V17: =V16+#REF! -> #REF! | W17: =W16+#REF! -> #REF! | Y17: =Y16+#REF! -> #REF! | AA17: =AA16+#REF! -> #REF! | AC17: =AC16+#REF!-TIME(0,1,0) -> #REF! | AE17: =AE16+#REF!-TIME(0,1,0) -> #REF! | AG17: =AG16+#REF!-TIME(0,1,0) -> #REF! | AH17: =AH16+#REF! -> #REF! | AI17: =AI16+#REF! -> #REF! | AL17: ='PTA-to-PIEN_Weekday'!A14 -> WALTOO | AM17: 0.0020833333 | AN17: 0.0020833333
A18: EERSTE FABRIEKE | B18: -25.7221815801619, 28.359894081240192 | C18: 0.19861111 | E18: =E17+#REF!+TIME(0,1,0) -> #REF! | G18: =G17+#REF! -> #REF! | I18: 0.25833333 | K18: 0.29583333 | M18: =M17+#REF! -> #REF! | O18: 0.34444444 | Q18: =Q17+#REF! -> #REF! | R18: =R17+#REF! -> #REF! | S18: =S17+#REF! -> #REF! | T18: =T17+#REF! -> #REF! | U18: =U17+#REF! -> #REF! | V18: =V17+#REF! -> #REF! | W18: =W17+#REF! -> #REF! | Y18: =Y17+#REF!+TIME(0,1,0) -> #REF! | AA18: =AA17+#REF! -> #REF! | AC18: =AC17+#REF!+TIME(0,1,0) -> #REF! | AE18: =AE17+#REF! -> #REF! | AG18: =AG17+#REF!+TIME(0,1,0) -> #REF! | AH18: =AH17+#REF! -> #REF! | AI18: =AI17+#REF!+TIME(0,1,0) -> #REF! | AL18: ='PTA-to-PIEN_Weekday'!A15 -> DENNEBOOM | AM18: 0.0013888889 | AN18: 0.0020833333
A19: MAMELODI GARDENS | B19: -25.727137148700365, 28.38522516947939 | C19: 0.20138889 | E19: =E18+#REF!-TIME(0,1,0) -> #REF! | G19: =G18+#REF! -> #REF! | I19: 0.26041667 | K19: 0.29861111 | M19: =M18+#REF! -> #REF! | O19: 0.34722222 | Q19: =Q18+#REF! -> #REF! | R19: =R18+#REF! -> #REF! | S19: =S18+#REF! -> #REF! | T19: =T18+#REF! -> #REF! | U19: =U18+#REF! -> #REF! | V19: =V18+#REF! -> #REF! | W19: =W18+#REF! -> #REF! | Y19: =Y18+#REF! -> #REF! | AA19: =AA18+#REF!-TIME(0,1,0) -> #REF! | AC19: =AC18+#REF!-TIME(0,1,0) -> #REF! | AE19: =AE18+#REF! -> #REF! | AG19: =AG18+#REF!-TIME(0,1,0) -> #REF! | AH19: =AH18+#REF! -> #REF! | AI19: =AI18+#REF!-TIME(0,1,0) -> #REF! | AL19: ='PTA-to-PIEN_Weekday'!A16 -> EERSTE FABRIEKE | AM19: 0.0020833333 | AN19: 0.0020833333
A20: PIENAARSPOORT | B20: -25.734672061252613, 28.426968817228143 | C20: 0.20833333 | G20: =G19+#REF! -> #REF! | K20: 0.30555556 | O20: 0.35416667 | R20: =R19+#REF!+TIME(0,5,0) -> #REF! | S20: =S19+#REF!+TIME(0,5,0) -> #REF! | T20: =T19+#REF!+TIME(0,5,0) -> #REF! | U20: =U19+#REF!+TIME(0,5,0) -> #REF! | V20: =V19+#REF!+TIME(0,5,0) -> #REF! | AA20: =AA19+#REF!+TIME(0,5,0) -> #REF! | AE20: =AE19+#REF! -> #REF! | AH20: =AH19+#REF! -> #REF! | AI20: =AI19+#REF!+TIME(0,5,0) -> #REF! | AL20: ='PTA-to-PIEN_Weekday'!A17 -> MAMELODI GARDENS | AM20: 0.0034722222 | AN20: 0.0027777778
AL21: ='PTA-to-PIEN_Weekday'!A19 -> PIENAARSPOORT | AM21: 0.0034722222 | AN21: 0.0069444444
AM22: 9 | AN22: 9
A23: PIEN - PTA (Weekday)
A26: STATION | B26: COORDINATES | C26: 1100 | D26: 1150 | E26: 1102 | F26: 1152 | G26: 1134 | H26: 1154 | I26: 1106 | J26: 1156 | K26: 1106 | L26: 1158 | M26: 1110 | N26: 1163 | O26: 1112 | P26: 1162 | Q26: 1114 | R26: 1154 | S26: 9108 | T26: 9106 | U26: 9110 | V26: 9112 | W26: 9154 | X26: 9116 | Y26: 1122 | Z26: 1120 | AA26: 1168 | AB26: 1166 | AC26: 1125 | AD26: 1124 | AE26: 1172 | AF26: 1170 | AG26: 1128 | AH26: 9122 | AI26: 1174 | AM26: Cummulative times | AN26: Inter-station times
A27: PIENAARSPOORT | B27: -25.734672061252613, 28.426968817228143 | C27: 0.16666667 | G27: 0.21527778 | K27: =J40 -> #REF! | O27: 0.3125 | S27: 0.36111111 | U27: =T40 -> #REF! | V27: =U40+TIME(1,5,0) -> #REF! | W27: 0.55208333 | X27: 0.62847222 | Z27: =Y28 -> 0.66666667 | AD27: 0.71527778 | AH27: =AG33 -> #REF! | AL27: ='PIEN-to-PTA_Weekday'!A3 -> PIENAARSPOORT | AM27: 0 | AN27: 0
A28: MAMELODI GARDENS | B28: -25.727137148700365, 28.38522516947939 | C28: =C27+#REF! -> #REF! | E28: 0.19097222 | G28: =G27+#REF! -> #REF! | I28: =G33 -> #REF! | K28: =K27+#REF! -> #REF! | M28: 0.26736111 | O28: =O27+#REF! -> #REF! | Q28: =O33 -> #REF! | S28: =S27+#REF! -> #REF! | T28: 0.375 | U28: =U27+#REF! -> #REF! | V28: =V27+#REF! -> #REF! | W28: =W27+#REF! -> #REF! | X28: =X27+#REF! -> #REF! | Y28: 0.66666667 | Z28: =Z27+#REF! -> #REF! | AC28: =AB40 -> #REF! | AD28: =AD27+#REF! -> #REF! | AG28: 0.75347222 | AH28: =AH27+#REF! -> #REF! | AL28: ='PIEN-to-PTA_Weekday'!A5 -> MAMELODI GARDENS | AM28: 0.00625 | AN28: 0.00625
A29: EERSTE FABRIEKE | B29: -25.7221815801619, 28.359894081240192 | C29: =C28+#REF! -> #REF! | E29: =E28+#REF!-TIME(0,1,0) -> #REF! | G29: =G28+#REF! -> #REF! | I29: =I28+#REF!-TIME(0,1,0) -> #REF! | K29: =K28+#REF! -> #REF! | M29: 0.27013889 | O29: =O28+#REF! -> #REF! | Q29: =Q28+#REF!-TIME(0,1,0) -> #REF! | S29: =S28+#REF! -> #REF! | T29: =T28+#REF!-TIME(0,1,0) -> #REF! | U29: =U28+#REF! -> #REF! | V29: =V28+#REF! -> #REF! | W29: =W28+#REF! -> #REF! | X29: =X28+#REF! -> #REF! | Y29: =Y28+#REF!-TIME(0,1,0) -> #REF! | Z29: =Z28+#REF! -> #REF! | AC29: =AC28+#REF!-TIME(0,1,0) -> #REF! | AD29: =AD28+#REF! -> #REF! | AG29: =AG28+#REF!-TIME(0,1,0) -> #REF! | AH29: =AH28+#REF! -> #REF! | AL29: ='PIEN-to-PTA_Weekday'!A6 -> EERSTE FABRIEKE | AM29: 0.0097222222 | AN29: 0.0034722222
A30: DENNEBOOM | B30: -25.719077472725353, 28.336637070658863 | C30: =C29+#REF! -> #REF! | E30: =E29+#REF! -> #REF! | G30: =G29+#REF! -> #REF! | I30: =I29+#REF! -> #REF! | K30: =K29+#REF! -> #REF! | M30: 0.27222222 | O30: =O29+#REF! -> #REF! | Q30: =Q29+#REF! -> #REF! | S30: =S29+#REF! -> #REF! | T30: =T29+#REF! -> #REF! | U30: =U29+#REF! -> #REF! | V30: =V29+#REF! -> #REF! | W30: =W29+#REF! -> #REF! | X30: =X29+#REF! -> #REF! | Y30: =Y29+#REF! -> #REF! | Z30: =Z29+#REF! -> #REF! | AC30: =AC29+#REF! -> #REF! | AD30: =AD29+#REF! -> #REF! | AG30: =AG29+#REF! -> #REF! | AH30: =AH29+#REF! -> #REF! | AL30: ='PIEN-to-PTA_Weekday'!A7 -> DENNEBOOM | AM30: 0.011805556 | AN30: 0.0020833333
A31: WALTOO | B31: -25.716968225345873, 28.321353261409016 | C31: =C30+#REF! -> #REF! | E31: =E30+#REF! -> #REF! | G31: =G30+#REF! -> #REF! | I31: =I30+#REF! -> #REF! | K31: =K30+#REF! -> #REF! | M31: 0.27361111 | O31: =O30+#REF! -> #REF! | Q31: =Q30+#REF! -> #REF! | S31: =S30+#REF! -> #REF! | T31: =T30+#REF! -> #REF! | U31: =U30+#REF! -> #REF! | V31: =V30+#REF! -> #REF! | W31: =W30+#REF! -> #REF! | X31: =X30+#REF! -> #REF! | Y31: =Y30+#REF! -> #REF! | Z31: =Z30+#REF! -> #REF! | AC31: =AC30+#REF! -> #REF! | AD31: =AD30+#REF! -> #REF! | AG31: =AG30+#REF! -> #REF! | AH31: =AH30+#REF! -> #REF! | AL31: ='PIEN-to-PTA_Weekday'!A8 -> WALTOO | AM31: 0.013194444 | AN31: 0.0013888889
A32: SILVERTON | B32: -25.727434500448368, 28.296925669958974 | C32: =C31+#REF! -> #REF! | E32: =E31+#REF! -> #REF! | G32: =G31+#REF! -> #REF! | I32: =I31+#REF! -> #REF! | K32: =K31+#REF! -> #REF! | M32: 0.27569444 | O32: =O31+#REF! -> #REF! | Q32: =Q31+#REF! -> #REF! | S32: =S31+#REF! -> #REF! | T32: =T31+#REF! -> #REF! | U32: =U31+#REF! -> #REF! | V32: =V31+#REF! -> #REF! | W32: =W31+#REF! -> #REF! | X32: =X31+#REF! -> #REF! | Y32: =Y31+#REF! -> #REF! | Z32: =Z31+#REF! -> #REF! | AC32: =AC31+#REF! -> #REF! | AD32: =AD31+#REF! -> #REF! | AG32: =AG31+#REF! -> #REF! | AH32: =AH31+#REF! -> #REF! | AL32: ='PIEN-to-PTA_Weekday'!A10 -> SILVERTON | AM32: 0.015277778 | AN32: 0.0020833333
A33: KOEDOESPOORT | B33: -25.72608149772232, 28.27872645216183 | C33: =C32+#REF! -> #REF! | D33: =C33+TIME(0,10,0) -> #REF! | E33: =E32+#REF! -> #REF! | F33: 0.20833333 | G33: =G32+#REF! -> #REF! | H33: =I31+TIME(0,1,0) -> #REF! | I33: =I32+#REF! -> #REF! | J33: 0.25 | K33: =K32+#REF! -> #REF! | L33: 0.28819444 | M33: 0.27777778 | N33: 0.29861111 | O33: =O32+#REF! -> #REF! | P33: 0.33680556 | Q33: =Q32+#REF! -> #REF! | R33: =P40+TIME(0,10,0) -> #REF! | S33: =S32+#REF! -> #REF! | T33: =T32+#REF! -> #REF! | U33: =U32+#REF! -> #REF! | V33: =V32+#REF! -> #REF! | W33: =W32+#REF! -> #REF! | X33: =X32+#REF! -> #REF! | Y33: =Y32+#REF! -> #REF! | Z33: =Z32+#REF! -> #REF! | AA33: =Z33 -> #REF! | AB33: =AA38 -> #REF! | AC33: =AC32+#REF! -> #REF! | AD33: =AD32+#REF! -> #REF! | AE33: =AD33-TIME(0,10,0) -> #REF! | AF33: 0.74305556 | AG33: =AG32+#REF! -> #REF! | AH33: =AH32+#REF! -> #REF! | AI33: =AH27+TIME(0,10,0) -> #REF! | AL33: ='PIEN-to-PTA_Weekday'!A11 -> KOEDOESPOORT | AM33: 0.017361111 | AN33: 0.0020833333
A34: HARTBEESSPRUIT | B34: -25.746516360305577, 28.2411523995095 | D34: =D33+#REF! -> #REF! | F34: =F33+#REF! -> #REF! | H34: =H33+#REF! -> #REF! | J34: =J33+#REF! -> #REF! | L34: =L33+#REF! -> #REF! | N34: =N33+#REF! -> #REF! | P34: =P33+#REF! -> #REF! | R34: =R33+#REF! -> #REF! | S34: =S33+#REF! -> #REF! | T34: =T33+#REF! -> #REF! | U34: =U33+#REF! -> #REF! | V34: =V33+#REF! -> #REF! | W34: =W33+#REF! -> #REF! | X34: =X33+#REF! -> #REF! | AA34: =AA33+#REF! -> #REF! | AB34: =AB33+#REF! -> #REF! | AE34: =AE33+#REF! -> #REF! | AF34: =AF33+#REF! -> #REF! | AH34: =AH33+#REF! -> #REF! | AI34: =AI33+#REF! -> #REF! | AL34: ='PIEN-to-PTA_Weekday'!A13 -> HARTBEESSPRUIT | AM34: 0.019444444 | AN34: 0.0020833333
A35: RISSIK | B35: -25.749263370927064, 28.232274866782785 | D35: =D34+#REF! -> #REF! | F35: =F34+#REF! -> #REF! | H35: =H34+#REF! -> #REF! | J35: =J34+#REF! -> #REF! | L35: =L34+#REF! -> #REF! | N35: =N34+#REF! -> #REF! | P35: =P34+#REF! -> #REF! | R35: =R34+#REF! -> #REF! | S35: =S34+#REF! -> #REF! | T35: =T34+#REF! -> #REF! | U35: =U34+#REF! -> #REF! | V35: =V34+#REF! -> #REF! | W35: =W34+#REF! -> #REF! | X35: =X34+#REF! -> #REF! | AA35: =AA34+#REF! -> #REF! | AB35: =AB34+#REF! -> #REF! | AE35: =AE34+#REF! -> #REF! | AF35: =AF34+#REF! -> #REF! | AH35: =AH34+#REF! -> #REF! | AI35: =AI34+#REF! -> #REF! | AL35: ='PIEN-to-PTA_Weekday'!A14 -> RISSIK | AM35: 0.022916667 | AN35: 0.0027777778
A36: LOFTUS VERSFELD PARK | B36: -25.754940155678536, 28.22535667426071 | D36: =D35+#REF! -> #REF! | F36: =F35+#REF! -> #REF! | H36: =H35+#REF! -> #REF! | J36: =J35+#REF! -> #REF! | L36: =L35+#REF! -> #REF! | N36: =N35+#REF! -> #REF! | P36: =P35+#REF! -> #REF! | R36: =R35+#REF! -> #REF! | S36: =S35+#REF! -> #REF! | T36: =T35+#REF! -> #REF! | U36: =U35+#REF! -> #REF! | V36: =V35+#REF! -> #REF! | W36: =W35+#REF! -> #REF! | X36: =X35+#REF! -> #REF! | AA36: =AA35+#REF! -> #REF! | AB36: =AB35+#REF! -> #REF! | AE36: =AE35+#REF! -> #REF! | AF36: =AF35+#REF! -> #REF! | AH36: =AH35+#REF! -> #REF! | AI36: =AI35+#REF! -> #REF! | AL36: ='PIEN-to-PTA_Weekday'!A15 -> LOFTUS VERSFELD PARK | AM36: 0.024305556 | AN36: 0.0020833333
A37: WALKER STREET | B37: -25.76012800529803, 28.213499980098053 | D37: =D36+#REF! -> #REF! | F37: =F36+#REF! -> #REF! | H37: =H36+#REF! -> #REF! | J37: =J36+#REF! -> #REF! | L37: =L36+#REF! -> #REF! | N37: =N36+#REF! -> #REF! | P37: =P36+#REF! -> #REF! | R37: =R36+#REF! -> #REF! | S37: =S36+#REF! -> #REF! | T37: =T36+#REF! -> #REF! | U37: =U36+#REF! -> #REF! | V37: =V36+#REF! -> #REF! | W37: =W36+#REF! -> #REF! | X37: =X36+#REF! -> #REF! | AA37: =AA36+#REF! -> #REF! | AB37: =AB36+#REF! -> #REF! | AE37: =AE36+#REF! -> #REF! | AF37: =AF36+#REF! -> #REF! | AH37: =AH36+#REF! -> #REF! | AI37: =AI36+#REF! -> #REF! | AL37: ='PIEN-to-PTA_Weekday'!A16 -> WALKER STREET | AM37: 0.026388889 | AN37: 0.0020833333
A38: DEVENISH STREET | B38: -25.760571651064055, 28.209966455924803 | D38: =D37+#REF! -> #REF! | F38: =F37+#REF! -> #REF! | H38: =H37+#REF! -> #REF! | J38: =J37+#REF! -> #REF! | L38: =L37+#REF! -> #REF! | N38: =N37+#REF! -> #REF! | P38: =P37+#REF! -> #REF! | R38: =R37+#REF! -> #REF! | S38: =S37+#REF! -> #REF! | T38: =T37+#REF! -> #REF! | U38: =U37+#REF! -> #REF! | V38: =V37+#REF! -> #REF! | W38: =W37+#REF! -> #REF! | X38: =X37+#REF! -> #REF! | AA38: =AA37+#REF! -> #REF! | AB38: =AB37+#REF! -> #REF! | AE38: =AE37+#REF! -> #REF! | AF38: =AF37+#REF! -> #REF! | AH38: =AH37+#REF! -> #REF! | AI38: =AI37+#REF! -> #REF! | AL38: ='PIEN-to-PTA_Weekday'!A17 -> DEVENISH STREET | AM38: 0.027777778 | AN38: 0.0013888889
A39: MEARS STREET | B39: -25.759836388884576, 28.201559350093763 | D39: =D38+#REF! -> #REF! | F39: =F38+#REF! -> #REF! | H39: =H38+#REF! -> #REF! | J39: =J38+#REF! -> #REF! | L39: =L38+#REF! -> #REF! | N39: =N38+#REF! -> #REF! | P39: =P38+#REF! -> #REF! | R39: =R38+#REF! -> #REF! | S39: =S38+#REF! -> #REF! | T39: =T38+#REF! -> #REF! | U39: =U38+#REF! -> #REF! | V39: =V38+#REF! -> #REF! | W39: =W38+#REF! -> #REF! | X39: =X38+#REF! -> #REF! | AA39: =AA38+#REF! -> #REF! | AB39: =AB38+#REF! -> #REF! | AE39: =AE38+#REF! -> #REF! | AF39: =AF38+#REF! -> #REF! | AH39: =AH38+#REF! -> #REF! | AI39: =AI38+#REF! -> #REF! | AL39: ='PIEN-to-PTA_Weekday'!A18 -> MEARS STREET | AM39: 0.028472222 | AN39: 0.00069444444
A40: PRETORIA | B40: -25.75864361043285, 28.189866445989118 | D40: =D39+#REF! -> #REF! | F40: =F39+#REF! -> #REF! | H40: =H39+#REF! -> #REF! | J40: =J39+#REF! -> #REF! | L40: =L39+#REF! -> #REF! | N40: =N39+#REF! -> #REF! | P40: =P39+#REF! -> #REF! | R40: =R39+#REF! -> #REF! | S40: =S39+#REF! -> #REF! | T40: =T39+#REF! -> #REF! | U40: =U39+#REF! -> #REF! | V40: =V39+#REF! -> #REF! | W40: =W39+#REF! -> #REF! | X40: =X39+#REF! -> #REF! | AA40: =AA39+#REF! -> #REF! | AB40: =AB39+#REF! -> #REF! | AE40: =AE39+#REF! -> #REF! | AF40: =AF39+#REF! -> #REF! | AH40: =AH39+#REF! -> #REF! | AI40: =AI39+#REF! -> #REF! | AL40: ='PIEN-to-PTA_Weekday'!A19 -> PRETORIA | AM40: 0.03125 | AN40: 0.0027777778
AM41: 9 | AN41: 9
A44: PTA-to-DEWIL_Weekday
A46: Last Updated: | B46: 45995 | C46: Z1
A47: STATION | B47: COORDINATES | C47: 4401 | D47: 4403 | E47: 4405 | F47: 4407 | G47: 4409 | H47: 4411 | I47: 4415 | J47: 4417 | K47: 4419 | L47: 4421 | M47: 4423 | N47: 4425 | O47: 4427 | P47: 4429 | Q47: 4431 | R47: 4433 | S47: 4435 | T47: 4437 | U47: 4439
A48: PRETORIA | B48: -25.75864361043285, 28.189866445989118 | C48: 0.21666667 | D48: 0.23611111 | E48: 0.26388889 | F48: 0.29166667 | G48: 0.32291667 | H48: 0.35069444 | I48: 0.40277778 | J48: 0.44791667 | K48: 0.5 | L48: 0.54513889 | M48: 0.59722222 | N48: 0.625 | O48: 0.64583333 | P48: 0.67013889 | Q48: 0.70347222 | R48: 0.72569444 | S48: 0.75694444 | T48: 0.78472222 | U48: 0.8125
A49: PRETORIA WES | B49: -25.75612607001734, 28.167454033423436 | C49: 0.22083333 | D49: 0.24027778 | E49: 0.26805556 | F49: 0.29583333 | G49: 0.32708333 | H49: 0.35486111 | I49: 0.40694444 | J49: 0.45208333 | K49: 0.50416667 | L49: 0.54930556 | M49: 0.60138889 | N49: 0.62916667 | O49: 0.65 | P49: 0.67430556 | Q49: 0.70763889 | R49: 0.72986111 | S49: 0.76111111 | T49: 0.78888889 | U49: 0.81666667
A50: HERCULES | B50: -25.724426332570793, 28.16740145328856 | C50: 0.22569444 | D50: 0.24513889 | E50: 0.27291667 | F50: 0.30069444 | G50: 0.33194444 | H50: 0.35972222 | I50: 0.41180556 | J50: 0.45694444 | K50: 0.50902778 | L50: 0.55416667 | M50: 0.60625 | N50: 0.63402778 | O50: 0.65486111 | P50: 0.67916667 | Q50: 0.7125 | R50: 0.73472222 | S50: 0.76597222 | T50: 0.79375 | U50: 0.82152778
A51: MOUNTAIN VIEW | B51: -25.701154966265122, 28.1710407244521 | C51: 0.22916667 | D51: 0.24861111 | E51: 0.27638889 | F51: 0.30416667 | G51: 0.33541667 | H51: 0.36319444 | I51: 0.41527778 | J51: 0.46041667 | K51: 0.5125 | L51: 0.55763889 | M51: 0.60972222 | N51: 0.6375 | O51: 0.65833333 | P51: 0.68263889 | Q51: 0.71597222 | R51: 0.73819444 | S51: 0.76944444 | T51: 0.79722222 | U51: 0.825
A52: PRETORIA-N | B52: -25.672156912459837, 28.181972182122085 | C52: 0.23402778 | D52: 0.25347222 | E52: 0.28125 | F52: 0.30902778 | G52: 0.34027778 | H52: 0.36805556 | I52: 0.42013889 | J52: 0.46527778 | K52: 0.51736111 | L52: 0.5625 | M52: 0.61458333 | N52: 0.64236111 | O52: 0.66319444 | P52: 0.6875 | Q52: 0.72083333 | R52: 0.74305556 | S52: 0.77430556 | T52: 0.80208333 | U52: 0.82986111
A53: WOLMERTON | B53: -25.656754583256834, 28.166308537943245 | C53: 0.23680556 | D53: 0.25625 | E53: 0.28402778 | F53: 0.31180556 | G53: 0.34305556 | H53: 0.37083333 | I53: 0.42291667 | J53: 0.46805556 | K53: 0.52013889 | L53: 0.56527778 | M53: 0.61736111 | N53: 0.64513889 | O53: 0.66597222 | P53: 0.69027778 | Q53: 0.72361111 | R53: 0.74583333 | S53: 0.77708333 | T53: 0.80486111 | U53: 0.83263889
A54: WINTERSNEST | B54: -25.646665143468105, 28.128664081235527 | C54: 0.24097222 | D54: 0.26041667 | E54: 0.28819444 | F54: 0.31597222 | G54: 0.34722222 | H54: 0.375 | I54: 0.42708333 | J54: 0.47222222 | K54: 0.52430556 | L54: 0.56944444 | M54: 0.62152778 | N54: 0.64930556 | O54: 0.67013889 | P54: 0.69444444 | Q54: 0.72777778 | R54: 0.75 | S54: 0.78125 | T54: 0.80902778 | U54: 0.83680556
A55: ROSSLYN | B55: -25.637700722357806, 28.094920182723996 | C55: 0.24444444 | D55: 0.26388889 | E55: 0.29166667 | F55: 0.31944444 | G55: 0.35069444 | H55: 0.37847222 | I55: 0.43055556 | J55: 0.47569444 | K55: 0.52777778 | L55: 0.57291667 | M55: 0.625 | N55: 0.65277778 | O55: 0.67361111 | P55: 0.69791667 | Q55: 0.73125 | R55: 0.75347222 | S55: 0.78472222 | T55: 0.8125 | U55: 0.84027778
A56: GA-RANKUWA | B56: -25.619463521827942, 27.991787773598496 | C56: 0.25208333 | D56: 0.27152778 | E56: 0.29930556 | F56: 0.32708333 | G56: 0.35833333 | H56: 0.38611111 | I56: 0.43819444 | J56: 0.48333333 | K56: 0.53541667 | L56: 0.58055556 | M56: 0.63263889 | N56: 0.66041667 | O56: 0.68125 | P56: 0.70555556 | Q56: 0.73888889 | R56: 0.76111111 | S56: 0.79236111 | T56: 0.82013889 | U56: 0.84791667
A57: TAILLARDSHOOP | B57: -25.617806769500547, 27.972401220150644 | C57: 0.25486111 | D57: 0.27430556 | E57: 0.30208333 | F57: 0.32986111 | G57: 0.36111111 | H57: 0.38888889 | I57: 0.44097222 | J57: 0.48611111 | K57: 0.53819444 | L57: 0.58333333 | M57: 0.63541667 | N57: 0.66319444 | O57: 0.68402778 | P57: 0.70833333 | Q57: 0.74166667 | R57: 0.76388889 | S57: 0.79513889 | T57: 0.82291667 | U57: 0.85069444
A58: DE WILDT | B58: -25.624641315648187, 27.944111334913465 | C58: 0.25833333 | D58: 0.27777778 | E58: 0.30555556 | F58: 0.33333333 | G58: 0.36458333 | H58: 0.39236111 | I58: 0.44444444 | J58: 0.48958333 | K58: 0.54166667 | L58: 0.58680556 | M58: 0.63888889 | N58: 0.66666667 | O58: 0.6875 | P58: 0.71180556 | Q58: 0.74513889 | R58: 0.76736111 | S58: 0.79861111 | T58: 0.82638889 | U58: 0.85416667
A61: DEWIL-to-PTA_Weekday
A63: STATION | B63: COORDINATES | C63: 4400 | D63: 4402 | E63: 4404 | F63: 4406 | G63: 4408 | H63: 4410 | I63: 4412 | J63: 4414 | K63: 4416 | L63: 4418 | M63: 4420 | N63: 4422 | O63: 4424 | P63: 4426 | Q63: 4428 | R63: 4430 | S63: 4432 | T63: 4434
A64: DE WILDT | B64: -25.624641315648187, 27.944111334913465 | C64: 0.16319444 | D64: 0.18402778 | E64: 0.20833333 | F64: 0.23611111 | G64: 0.26527778 | H64: 0.29166667 | I64: 0.31944444 | J64: 0.35416667 | K64: 0.39930556 | L64: 0.45138889 | M64: 0.49652778 | N64: 0.54861111 | O64: 0.59375 | P64: 0.64583333 | Q64: 0.67361111 | R64: 0.69791667 | S64: 0.72916667 | T64: 0.75694444
A65: TAILLARDSHOOP | B65: -25.617806769500547, 27.972401220150644 | C65: 0.16666667 | D65: 0.1875 | E65: 0.21180556 | F65: 0.23958333 | G65: 0.26875 | H65: 0.29513889 | I65: 0.32291667 | J65: 0.35763889 | K65: 0.40277778 | L65: 0.45486111 | M65: 0.5 | N65: 0.55208333 | O65: 0.59722222 | P65: 0.64930556 | Q65: 0.67708333 | R65: 0.70138889 | S65: 0.73263889 | T65: 0.76041667
A66: GA-RANKUWA | B66: -25.619463521827942, 27.991787773598496 | C66: 0.16875 | D66: 0.18958333 | E66: 0.21388889 | F66: 0.24166667 | G66: 0.27083333 | H66: 0.29722222 | I66: 0.325 | J66: 0.35972222 | K66: 0.40486111 | L66: 0.45694444 | M66: 0.50208333 | N66: 0.55416667 | O66: 0.59930556 | P66: 0.65138889 | Q66: 0.67916667 | R66: 0.70347222 | S66: 0.73472222 | T66: 0.7625
A67: ROSSLYN | B67: -25.637700722357806, 28.094920182723996 | C67: 0.17708333 | D67: 0.19791667 | E67: 0.22222222 | F67: 0.25 | G67: 0.27916667 | H67: 0.30555556 | I67: 0.33333333 | J67: 0.36805556 | K67: 0.41319444 | L67: 0.46527778 | M67: 0.51041667 | N67: 0.5625 | O67: 0.60763889 | P67: 0.65972222 | Q67: 0.6875 | R67: 0.71180556 | S67: 0.74305556 | T67: 0.77083333
A68: WINTERSNEST | B68: -25.646665143468105, 28.128664081235527 | C68: 0.18055556 | D68: 0.20138889 | E68: 0.22569444 | F68: 0.25347222 | G68: 0.28263889 | H68: 0.30902778 | I68: 0.33680556 | J68: 0.37152778 | K68: 0.41666667 | L68: 0.46875 | M68: 0.51388889 | N68: 0.56597222 | O68: 0.61111111 | P68: 0.66319444 | Q68: 0.69097222 | R68: 0.71527778 | S68: 0.74652778 | T68: 0.77430556
A69: WOLMERTON | B69: -25.656754583256834, 28.166308537943245 | C69: 0.18472222 | D69: 0.20555556 | E69: 0.22986111 | F69: 0.25763889 | G69: 0.28680556 | H69: 0.31319444 | I69: 0.34097222 | J69: 0.37569444 | K69: 0.42083333 | L69: 0.47291667 | M69: 0.51805556 | N69: 0.57013889 | O69: 0.61527778 | P69: 0.66736111 | Q69: 0.69513889 | R69: 0.71944444 | S69: 0.75069444 | T69: 0.77847222
A70: PRETORIA-N | B70: -25.672156912459837, 28.181972182122085 | C70: 0.1875 | D70: 0.20833333 | E70: 0.23263889 | F70: 0.26041667 | G70: 0.28958333 | H70: 0.31597222 | I70: 0.34375 | J70: 0.37847222 | K70: 0.42361111 | L70: 0.47569444 | M70: 0.52083333 | N70: 0.57291667 | O70: 0.61805556 | P70: 0.67013889 | Q70: 0.69791667 | R70: 0.72222222 | S70: 0.75347222 | T70: 0.78125
A71: MOUNTAIN VIEW | B71: -25.701154966265122, 28.1710407244521 | C71: 0.19236111 | D71: 0.21319444 | E71: 0.2375 | F71: 0.26527778 | G71: 0.29444444 | H71: 0.32083333 | I71: 0.34861111 | J71: 0.38333333 | K71: 0.42847222 | L71: 0.48055556 | M71: 0.52569444 | N71: 0.57777778 | O71: 0.62291667 | P71: 0.675 | Q71: 0.70277778 | R71: 0.72708333 | S71: 0.75833333 | T71: 0.78611111
A72: HERCULES | B72: -25.724426332570793, 28.16740145328856 | C72: 0.19583333 | D72: 0.21666667 | E72: 0.24097222 | F72: 0.26875 | G72: 0.29791667 | H72: 0.32430556 | I72: 0.35208333 | J72: 0.38680556 | K72: 0.43194444 | L72: 0.48402778 | M72: 0.52916667 | N72: 0.58125 | O72: 0.62638889 | P72: 0.67847222 | Q72: 0.70625 | R72: 0.73055556 | S72: 0.76180556 | T72: 0.78958333
A73: PRETORIA WES | B73: -25.75612607001734, 28.167454033423436 | C73: 0.20069444 | D73: 0.22152778 | E73: 0.24583333 | F73: 0.27361111 | G73: 0.30277778 | H73: 0.32916667 | I73: 0.35694444 | J73: 0.39166667 | K73: 0.43680556 | L73: 0.48888889 | M73: 0.53402778 | N73: 0.58611111 | O73: 0.63125 | P73: 0.68333333 | Q73: 0.71111111 | R73: 0.73541667 | S73: 0.76666667 | T73: 0.79444444
A74: PRETORIA | B74: -25.75864361043285, 28.189866445989118 | C74: 0.20486111 | D74: 0.22569444 | E74: 0.25 | F74: 0.27777778 | G74: 0.30694444 | H74: 0.33333333 | I74: 0.36111111 | J74: 0.39583333 | K74: 0.44097222 | L74: 0.49305556 | M74: 0.53819444 | N74: 0.59027778 | O74: 0.63541667 | P74: 0.6875 | Q74: 0.71527778 | R74: 0.73958333 | S74: 0.77083333 | T74: 0.79861111
A77: PTA-to-MAB_Weekday
A79: STATION | B79: COORDINATES | C79: 1801 | D79: 1803 | E79: 1805 | F79: 1807 | G79: 1809 | H79: 1811 | I79: 1813 | J79: 1815 | K79: 1817 | L79: 1819 | M79: 1821 | N79: 1823 | O79: 1825 | P79: 1827 | Q79: 1829 | R79: 1831 | S79: 1833
A80: PRETORIA | B80: ='PTA-to-PIEN_Sat'!B79 -> 0 | C80: 0.21180556 | D80: 0.24305556 | E80: 0.27430556 | F80: 0.30902778 | G80: 0.34027778 | H80: 0.375 | I80: 0.4375 | J80: 0.48611111 | K80: 0.53472222 | L80: 0.58333333 | M80: 0.61458333 | N80: 0.64583333 | O80: 0.68055556 | P80: 0.71180556 | Q80: 0.74305556 | R80: 0.77777778 | S80: 0.81597222
A81: PRETORIA-B | B81: -25.756676856613193, 28.185038595618654
A82: BARRACKS | B82: -25.755574101903797, 28.179303473039578
A83: PRETORIA WES | B83: -25.75612607001734, 28.167454033423436 | C83: 0.21597222 | D83: 0.24722222 | E83: 0.27847222 | F83: 0.31319444 | G83: 0.34444444 | H83: 0.37916667 | I83: 0.44166667 | J83: 0.49027778 | K83: 0.53888889 | L83: 0.5875 | M83: 0.61875 | N83: 0.65 | O83: 0.68472222 | P83: 0.71597222 | Q83: 0.74722222 | R83: 0.78194444 | S83: 0.82013889
A84: MITCHELLSTRAAT | B84: -25.75622307580123, 28.162751428886452
A85: SCHUTTESTRAAT | B85: -25.750415192351678, 28.15981508027586
A86: GOLF | B86: -25.73976641543697, 28.16133154377941
A87: TECHNIKON RANT | B87: -25.732094233731814, 28.167478537946376
A88: HERCULES | B88: -25.724426332570793, 28.16740145328856 | C88: 0.22152778 | D88: 0.25277778 | E88: 0.28402778 | F88: 0.31875 | G88: 0.35 | H88: 0.38472222 | I88: 0.44722222 | J88: 0.49583333 | K88: 0.54444444 | L88: 0.59305556 | M88: 0.62430556 | N88: 0.65555556 | O88: 0.69027778 | P88: 0.72152778 | Q88: 0.75277778 | R88: 0.7875 | S88: 0.82569444
A89: DASPOORT | B89: -25.71389154994833, 28.16610216678128
A90: MOUNTAIN VIEW | B90: -25.701154966265122, 28.1710407244521 | C90: 0.225 | D90: 0.25625 | E90: 0.2875 | F90: 0.32222222 | G90: 0.35347222 | H90: 0.38819444 | I90: 0.45069444 | J90: 0.49930556 | K90: 0.54791667 | L90: 0.59652778 | M90: 0.62777778 | N90: 0.65902778 | O90: 0.69375 | P90: 0.725 | Q90: 0.75625 | R90: 0.79097222 | S90: 0.82916667
A91: WONDERBOOM | B91: -25.679398283013505, 28.182541636641577
A92: PRETORIA-N | B92: -25.672156912459837, 28.181972182122085 | C92: 0.22986111 | D92: 0.26111111 | E92: 0.29236111 | F92: 0.32708333 | G92: 0.35833333 | H92: 0.39305556 | I92: 0.45555556 | J92: 0.50416667 | K92: 0.55277778 | L92: 0.60138889 | M92: 0.63263889 | N92: 0.66388889 | O92: 0.69861111 | P92: 0.72986111 | Q92: 0.76111111 | R92: 0.79583333 | S92: 0.83402778
A93: WOLMERTON | B93: -25.656754583256834, 28.166308537943245 | C93: 0.23263889 | D93: 0.26388889 | E93: 0.29513889 | F93: 0.32986111 | G93: 0.36111111 | H93: 0.39583333 | I93: 0.45833333 | J93: 0.50694444 | K93: 0.55555556 | L93: 0.60416667 | M93: 0.63541667 | N93: 0.66666667 | O93: 0.70138889 | P93: 0.73263889 | Q93: 0.76388889 | R93: 0.79861111 | S93: 0.83680556
A94: WINTERSNEST | B94: -25.646665143468105, 28.128664081235527 | C94: 0.23611111 | D94: 0.26736111 | E94: 0.29861111 | F94: 0.33333333 | G94: 0.36458333 | H94: 0.39930556 | I94: 0.46180556 | J94: 0.51041667 | K94: 0.55902778 | L94: 0.60763889 | M94: 0.63888889 | N94: 0.67013889 | O94: 0.70486111 | P94: 0.73611111 | Q94: 0.76736111 | R94: 0.80208333 | S94: 0.84027778
A95: AKASIABOOM | B95: -25.62343788217021, 28.107351095613126 | C95: 0.24097222 | D95: 0.27222222 | E95: 0.30347222 | F95: 0.33819444 | G95: 0.36944444 | H95: 0.40416667 | I95: 0.46666667 | J95: 0.51527778 | K95: 0.56388889 | L95: 0.6125 | M95: 0.64375 | N95: 0.675 | O95: 0.70972222 | P95: 0.74097222 | Q95: 0.77222222 | R95: 0.80694444 | S95: 0.84513889
A96: KOPANONG | B96: -25.581315356478292, 28.0903223133063 | C96: 0.24444444 | D96: 0.27569444 | E96: 0.30694444 | F96: 0.34166667 | G96: 0.37291667 | H96: 0.40763889 | I96: 0.47013889 | J96: 0.51875 | K96: 0.56736111 | L96: 0.61597222 | M96: 0.64722222 | N96: 0.67847222 | O96: 0.71319444 | P96: 0.74444444 | Q96: 0.77569444 | R96: 0.81041667 | S96: 0.84861111
A97: LEBALENG | B97: -25.541710548406016, 28.076425164924746
A98: SOSHANGUVE | B98: -25.520916877100483, 28.082831418476943
A99: MABOPANE | B99: -25.495963167301053, 28.089659387779985 | C99: 0.25347222 | D99: 0.28472222 | E99: 0.31597222 | F99: 0.35069444 | G99: 0.38194444 | H99: 0.41666667 | I99: 0.47916667 | J99: 0.52777778 | K99: 0.57638889 | L99: 0.625 | M99: 0.65625 | N99: 0.6875 | O99: 0.72222222 | P99: 0.75347222 | Q99: 0.78472222 | R99: 0.81944444 | S99: 0.85763889
A102: MAB-to-PTA_Weekday
A104: STATION | B104: COORDINATES | C104: 1800 | D104: 1802 | E104: 1804 | F104: 1806 | G104: 1808 | H104: 1810 | I104: 1812 | J104: 1814 | K104: 1816 | L104: 1818 | M104: 1820 | N104: 1822 | O104: 1824 | P104: 1826 | Q104: 1828 | R104: 1830 | S104: 1832 | T104: 1834
A105: MABOPANE | B105: -25.495963167301053, 28.089659387779985 | C105: 0.16319444 | D105: 0.19444444 | E105: 0.22569444 | F105: 0.26041667 | G105: 0.29166667 | H105: 0.32291667 | I105: 0.35763889 | J105: 0.38888889 | K105: 0.4375 | L105: 0.48611111 | M105: 0.53472222 | N105: 0.56597222 | O105: 0.59722222 | P105: 0.63194444 | Q105: 0.66319444 | R105: 0.69444444 | S105: 0.72916667 | T105: 0.76041667
A106: SOSHANGUVE | B106: -25.520916877100483, 28.082831418476943
A107: LEBALENG | B107: -25.541710548406016, 28.076425164924746
A108: KOPANONG | B108: -25.581315356478292, 28.0903223133063 | C108: 0.17152778 | D108: 0.20277778 | E108: 0.23402778 | F108: 0.26875 | G108: 0.3 | H108: 0.33125 | I108: 0.36597222 | J108: 0.39722222 | K108: 0.44583333 | L108: 0.49444444 | M108: 0.54305556 | N108: 0.57430556 | O108: 0.60555556 | P108: 0.64027778 | Q108: =Q105+$X132 -> 0.66319444 | R108: =R105+$X132 -> 0.69444444 | S108: =S105+$X132 -> 0.72916667 | T108: =T105+$X132 -> 0.76041667
A109: AKASIABOOM | B109: -25.62343788217021, 28.107351095613126 | C109: 0.17569444 | D109: 0.20694444 | E109: 0.23819444 | F109: 0.27291667 | G109: 0.30416667 | H109: 0.33541667 | I109: 0.37013889 | J109: 0.40138889 | K109: 0.45 | L109: 0.49861111 | M109: 0.54722222 | N109: 0.57847222 | O109: 0.60972222 | P109: 0.64444444 | Q109: =Q108+$X133 -> 0.66319444 | R109: =R108+$X133 -> 0.69444444 | S109: =S108+$X133 -> 0.72916667 | T109: =T108+$X133 -> 0.76041667
A110: WINTERSNEST | B110: -25.646665143468105, 28.128664081235527 | C110: 0.18055556 | D110: 0.21180556 | E110: 0.24305556 | F110: 0.27777778 | G110: 0.30902778 | H110: 0.34027778 | I110: 0.375 | J110: 0.40625 | K110: 0.45486111 | L110: 0.50347222 | M110: 0.55208333 | N110: 0.58333333 | O110: 0.61458333 | P110: 0.64930556 | Q110: =Q109+$X134 -> 0.66319444 | R110: =R109+$X134 -> 0.69444444 | S110: =S109+$X134 -> 0.72916667 | T110: =T109+$X134 -> 0.76041667
A111: WOLMERTON | B111: -25.656754583256834, 28.166308537943245 | C111: 0.18472222 | D111: 0.21597222 | E111: 0.24722222 | F111: 0.28194444 | G111: 0.31319444 | H111: 0.34444444 | I111: 0.37916667 | J111: 0.41041667 | K111: 0.45902778 | L111: 0.50763889 | M111: 0.55625 | N111: 0.5875 | O111: 0.61875 | P111: 0.65347222 | Q111: =Q110+$X135 -> 0.66319444 | R111: =R110+$X135 -> 0.69444444 | S111: =S110+$X135 -> 0.72916667 | T111: =T110+$X135 -> 0.76041667
A112: PRETORIA-N | B112: -25.672156912459837, 28.181972182122085 | C112: 0.1875 | D112: 0.21875 | E112: 0.25 | F112: 0.28472222 | G112: 0.31597222 | H112: 0.34722222 | I112: 0.38194444 | J112: 0.41319444 | K112: 0.46180556 | L112: 0.51041667 | M112: 0.55902778 | N112: 0.59027778 | O112: 0.62152778 | P112: 0.65625 | Q112: =Q111+$X136 -> 0.66319444 | R112: =R111+$X136 -> 0.69444444 | S112: =S111+$X136 -> 0.72916667 | T112: =T111+$X136 -> 0.76041667
A113: WONDERBOOM | B113: -25.679398283013505, 28.182541636641577
A114: MOUNTAIN VIEW | B114: -25.701154966265122, 28.1710407244521 | C114: 0.19236111 | D114: 0.22361111 | E114: 0.25486111 | F114: 0.28958333 | G114: 0.32083333 | H114: 0.35208333 | I114: 0.38680556 | J114: 0.41805556 | K114: 0.46666667 | L114: 0.51527778 | M114: 0.56388889 | N114: 0.59513889 | O114: 0.62638889 | P114: 0.66111111 | Q114: =Q112+$X138 -> 0.66319444 | R114: =R112+$X138 -> 0.69444444 | S114: =S112+$X138 -> 0.72916667 | T114: =T112+$X138 -> 0.76041667
A115: DASPOORT | B115: -25.71389154994833, 28.16610216678128
A116: HERCULES | B116: -25.724426332570793, 28.16740145328856 | C116: 0.19583333 | D116: 0.22708333 | E116: 0.25833333 | F116: 0.29305556 | G116: 0.32430556 | H116: 0.35555556 | I116: 0.39027778 | J116: 0.42152778 | K116: 0.47013889 | L116: 0.51875 | M116: 0.56736111 | N116: 0.59861111 | O116: 0.62986111 | P116: 0.66458333 | Q116: =Q114+$X140 -> 0.66319444 | R116: =R114+$X140 -> 0.69444444 | S116: =S114+$X140 -> 0.72916667 | T116: =T114+$X140 -> 0.76041667
A117: TECHNIKON RANT | B117: -25.732094233731814, 28.167478537946376
A118: GOLF | B118: -25.73976641543697, 28.16133154377941
...

Sheet Config_GridOrder
A1: Key,SheetName,RowNumber,StartCol
A2: pta_to_pien_weekday,PTA-to-PIEN_Weekday,2,C
A3: pien_to_pta_weekday,PIEN-to-PTA_Weekday,2,C
A4: pta_to_pien_sat,PTA-to-PIEN_Sat,2,C
A5: pien_to_pta_sat,PIEN-to-PTA_Sat,2,C
A6: pta_to_pien_sun,PTA-to-PIEN_Sun,2,C
A7: pien_to_pta_sun,PIEN-to-PTA_Sun,2,C
A8: pta_to_dewil_weekday,PTA-to-DEWIL_Weekday,2,C
A9: dewil_to_pta_weekday,DEWIL-to-PTA_Weekday,2,C
A10: pta_to_dewil_sat,PTA-to-DEWIL_Sat,2,C
A11: dewil_to_pta_sat,DEWIL-to-PTA_Sat,2,C
A12: pta_to_dewil_sun,PTA-to-DEWIL_Sun,2,C
... A61: jhb_to_germ_sat,JHB-to-GERM_Sat,2,C

Sheet PTA-to-PIEN_Weekday
A1: Last Updated: | B1: 45890 | C1: Z2
A2: STATION | B2: =UPPER("Coordinates") -> COORDINATES | C2: 1101 | D2: 1151 | E2: 1103 | F2: 1153 | G2: 1105 | H2: 1155 | I2: 1107 | J2: 1157 | K2: 1109 | L2: 1159 | M2: 1111 | N2: 1161 | O2: 1113 | P2: 1163 | Q2: 1115 | R2: 9109 | S2: 9111 | T2: 9113 | U2: 9115 | V2: 9117 | W2: 9119 | X2: 1167 | Y2: 1123 | Z2: 1165 | AA2: 1121 | AB2: 1171 | AC2: 1127 | AD2: 1169 | AE2: 1125 | AF2: 1173 | AG2: 1129 | AH2: 9121 | AI2: 9123
A3: PRETORIA | B3: -25.75864361043285, 28.189866445989118 | D3: 0.1875 | F3: 0.21527778 | H3: 0.22916667 | J3: 0.26388889 | L3: 0.27777778 | N3: 0.3125 | P3: 0.33680556 | R3: 0.36111111 | S3: 0.4375 | T3: 0.51388889 | U3: 0.59027778 | V3: 0.62847222 | W3: 0.63541667 | X3: 0.66319444 | Z3: 0.67013889 | AB3: 0.70486111 | AD3: 0.71875 | AF3: 0.75 | AH3: 0.76388889 | AI3: 0.80902778
A4: MEARS STREET | B4: -25.759836388884576, 28.201559350093763 | D4: 0.19027778 | F4: 0.21805556 | H4: 0.23194444 | J4: 0.26666667 | L4: 0.28055556 | N4: 0.31527778 | P4: 0.33958333 | R4: 0.36319444 | S4: 0.43958333 | T4: 0.51597222 | U4: 0.59236111 | V4: 0.63055556 | W4: 0.63819444 | X4: 0.66597222 | Z4: 0.67291667 | AB4: 0.70763889 | AD4: 0.72152778 | AF4: 0.75277778 | AH4: 0.76597222 | AI4: 0.81111111
A5: DEVENISH STREET | B5: -25.760571651064055, 28.209966455924803 | D5: 0.19097222 | F5: 0.21875 | H5: 0.23263889 | J5: 0.26736111 | L5: 0.28125 | N5: 0.31597222 | P5: 0.34027778 | R5: 0.36458333 | S5: 0.44097222 | T5: 0.51736111 | U5: 0.59375 | V5: 0.63194444 | W5: 0.63888889 | X5: 0.66666667 | Z5: 0.67361111 | AB5: 0.70833333 | AD5: 0.72222222 | AF5: 0.75347222 | AH5: 0.76736111 | AI5: 0.8125
A6: WALKER STREET | B6: -25.76012800529803, 28.213499980098053 | D6: 0.19305556 | F6: 0.22083333 | H6: 0.23472222 | J6: 0.26944444 | L6: 0.28333333 | N6: 0.31805556 | P6: 0.34236111 | R6: 0.36597222 | S6: 0.44236111 | T6: 0.51875 | U6: 0.59513889 | V6: 0.63333333 | W6: 0.64027778 | X6: 0.66875 | Z6: 0.67569444 | AB6: 0.71041667 | AD6: 0.72430556 | AF6: 0.75555556 | AH6: 0.76875 | AI6: 0.81388889
A7: LOFTUS VERSFELD PARK | B7: -25.754940155678536, 28.22535667426071 | D7: 0.19444444 | F7: 0.22222222 | H7: 0.23611111 | J7: 0.27083333 | L7: 0.28472222 | N7: 0.31944444 | P7: 0.34375 | R7: 0.36805556 | S7: 0.44444444 | T7: 0.52083333 | U7: 0.59722222 | V7: 0.63541667 | W7: 0.64236111 | X7: 0.67013889 | Z7: 0.67708333 | AB7: 0.71180556 | AD7: 0.72569444 | AF7: 0.75694444 | AH7: 0.77083333 | AI7: 0.81597222
A8: RISSIK | B8: -25.749263370927064, 28.232274866782785 | D8: 0.19652778 | F8: 0.22430556 | H8: 0.23819444 | J8: 0.27291667 | L8: 0.28680556 | N8: 0.32152778 | P8: 0.34583333 | R8: 0.36944444 | S8: 0.44583333 | T8: 0.52222222 | U8: 0.59861111 | V8: 0.63680556 | W8: 0.64375 | X8: 0.67222222 | Z8: 0.67916667 | AB8: 0.71388889 | AD8: 0.72777778 | AF8: 0.75902778 | AH8: 0.77222222 | AI8: 0.81736111
A9: HARTBEESSPRUIT | B9: -25.746516360305577, 28.2411523995095 | D9: 0.19791667 | F9: 0.22569444 | H9: 0.23958333 | J9: 0.27430556 | L9: 0.28819444 | N9: 0.32291667 | P9: 0.34722222 | R9: 0.37083333 | S9: 0.44722222 | T9: 0.52361111 | U9: 0.6 | V9: 0.63819444 | W9: 0.64513889 | X9: 0.67361111 | Z9: 0.68055556 | AB9: 0.71527778 | AD9: 0.72916667 | AF9: 0.76041667 | AH9: 0.77361111 | AI9: 0.81875
A10: QUEENSWOOD | B10: -25.721853760563217, 28.25178790666072
A11: KOEDOESPOORT | B11: -25.72608149772232, 28.27872645216183 | C11: 0.19097222 | D11: 0.20138889 | E11: 0.21180556 | F11: 0.22916667 | G11: 0.23958333 | H11: 0.24305556 | I11: 0.25 | J11: 0.27777778 | K11: 0.28819444 | L11: 0.29166667 | M11: 0.30208333 | N11: 0.32638889 | O11: 0.33680556 | P11: 0.35069444 | Q11: 0.35763889 | R11: 0.37430556 | S11: 0.45069444 | T11: 0.52708333 | U11: 0.60347222 | V11: 0.64166667 | W11: 0.64861111 | X11: 0.67708333 | Y11: 0.68402778 | Z11: 0.68402778 | AA11: 0.69097222 | AB11: 0.71875 | AC11: 0.72569444 | AD11: 0.73263889 | AE11: 0.73958333 | AF11: 0.76388889 | AG11: 0.77083333 | AH11: 0.77708333 | AI11: 0.82222222
A12: SILVERTON | B12: -25.727388634278455, 28.29699912151972 | C12: 0.19236111 | E12: 0.21319444 | G12: 0.24097222 | I12: 0.25138889 | K12: 0.28958333 | M12: 0.30347222 | O12: 0.33819444 | Q12: 0.35902778 | R12: 0.37638889 | S12: 0.45277778 | T12: 0.52916667 | U12: 0.60555556 | V12: 0.64375 | W12: 0.65069444 | Y12: 0.68541667 | AA12: 0.69236111 | AC12: 0.72708333 | AE12: 0.74097222 | AG12: 0.77222222 | AH12: 0.77916667 | AI12: 0.82430556
A13: EERSTERUS | B13: -25.720262104484497, 28.30708446350365
A14: WALTOO | B14: -25.716964535181983, 28.32134413848142 | C14: 0.19513889 | E14: 0.21597222 | G14: 0.24375 | I14: 0.25416667 | K14: 0.29236111 | M14: 0.30625 | O14: 0.34097222 | Q14: 0.36180556 | R14: 0.37847222 | S14: 0.45486111 | T14: 0.53125 | U14: 0.60763889 | V14: 0.64583333 | W14: 0.65347222 | Y14: 0.68819444 | AA14: 0.69513889 | AC14: 0.72986111 | AE14: 0.74375 | AG14: 0.775 | AH14: 0.78125 | AI14: 0.82638889
A15: DENNEBOOM | B15: -25.719077472725353, 28.336637070658863 | C15: 0.19652778 | E15: 0.21736111 | G15: 0.24513889 | I15: 0.25555556 | K15: 0.29375 | M15: 0.30763889 | O15: 0.34236111 | Q15: 0.36319444 | R15: 0.38055556 | S15: 0.45694444 | T15: 0.53333333 | U15: 0.60972222 | V15: 0.64791667 | W15: 0.65486111 | Y15: 0.68958333 | AA15: 0.69652778 | AC15: 0.73125 | AE15: 0.74513889 | AG15: 0.77638889 | AH15: 0.78333333 | AI15: 0.82847222
A16: EERSTE FABRIEKE | B16: -25.7221815801619, 28.359894081240192 | C16: 0.19861111 | E16: 0.22013889 | G16: 0.24722222 | I16: 0.25833333 | K16: 0.29583333 | M16: 0.31041667 | O16: 0.34444444 | Q16: 0.36597222 | R16: 0.38263889 | S16: 0.45902778 | T16: 0.53541667 | U16: 0.61180556 | V16: 0.65 | W16: 0.65763889 | Y16: 0.69236111 | AA16: 0.69861111 | AC16: 0.73402778 | AE16: 0.74722222 | AG16: 0.77916667 | AH16: 0.78541667 | AI16: 0.83055556
A17: MAMELODI GARDENS | B17: -25.727137148700365, 28.38522516947939 | C17: 0.20138889 | E17: 0.22222222 | G17: 0.25 | I17: 0.26041667 | K17: 0.29861111 | M17: 0.3125 | O17: 0.34722222 | Q17: 0.36805556 | R17: 0.38541667 | S17: 0.46180556 | T17: 0.53819444 | U17: 0.61458333 | V17: 0.65277778 | W17: 0.65972222 | Y17: 0.69444444 | AA17: 0.70138889 | AC17: 0.73611111 | AE17: 0.75 | AG17: 0.78125 | AH17: 0.78819444 | AI17: 0.83333333
A18: GREENVIEW | B18: -25.73018814715231, 28.406238121914445
A19: PIENAARSPOORT | B19: -25.734672061252613, 28.426968817228143 | C19: 0.20833333 | G19: 0.25694444 | K19: 0.30555556 | O19: 0.35416667 | R19: 0.39236111 | S19: 0.46875 | T19: 0.54513889 | U19: 0.62152778 | V19: 0.65972222 | AA19: 0.70833333 | AE19: 0.75694444 | AH19: 0.79513889 | AI19: 0.84027778

Sheet PIEN-to-PTA_Weekday
A1: Last Updated: | B1: ='PTA-to-PIEN_Weekday'!B1 -> 45890 | C1: ='PTA-to-PIEN_Weekday'!C1 -> Z2
A2: STATION | B2: COORDINATES | C2: 1100 | D2: 1150 | E2: 1102 | F2: 1152 | G2: 1104 | H2: 1154 | I2: 1106 | J2: 1156 | K2: 1108 | L2: 1158 | M2: 1110 | N2: 1160 | O2: 1112 | P2: 1162 | Q2: 1114 | R2: 1164 | S2: 9108 | T2: 9106 | U2: 9110 | V2: 9112 | W2: 9114 | X2: 9116 | Y2: 1122 | Z2: 1168 | AA2: 1120 | AB2: 1166 | AC2: 1126 | AD2: 1172 | AE2: 1124 | AF2: 1170 | AG2: 1128 | AH2: 1174 | AI2: 9122
A3: PIENAARSPOORT | B3: -25.734672061252613, 28.426968817228143 | C3: 0.16666667 | G3: 0.21527778 | K3: 0.26388889 | O3: 0.3125 | S3: 0.36111111 | U3: 0.39930556 | V3: 0.47569444 | W3: 0.55208333 | X3: 0.62847222 | AA3: 0.66666667 | AE3: 0.71527778 | AI3: 0.76388889
A4: GREENVIEW | B4: -25.73018814715231, 28.406238121914445
A5: MAMELODI GARDENS | B5: -25.727137148700365, 28.38522516947939 | C5: 0.17291667 | E5: 0.19097222 | G5: 0.22152778 | I5: 0.23263889 | K5: 0.27013889 | M5: 0.26736111 | O5: 0.31875 | Q5: 0.32986111 | S5: 0.36736111 | T5: 0.375 | U5: 0.40555556 | V5: 0.48194444 | W5: 0.55833333 | X5: 0.63472222 | Y5: 0.66666667 | AA5: 0.67291667 | AC5: 0.70833333 | AE5: 0.72152778 | AG5: 0.75347222 | AI5: 0.77013889
A6: EERSTE FABRIEKE | B6: -25.7221815801619, 28.359894081240192 | C6: 0.17638889 | E6: 0.19375 | G6: 0.225 | I6: 0.23541667 | K6: 0.27361111 | M6: 0.27013889 | O6: 0.32222222 | Q6: 0.33263889 | S6: 0.37083333 | T6: 0.37777778 | U6: 0.40902778 | V6: 0.48541667 | W6: 0.56180556 | X6: 0.63819444 | Y6: 0.66944444 | AA6: 0.67638889 | AC6: 0.71111111 | AE6: 0.725 | AG6: 0.75625 | AI6: 0.77361111
A7: DENNEBOOM | B7: -25.719077472725353, 28.336637070658863 | C7: 0.17847222 | E7: 0.19583333 | G7: 0.22708333 | I7: 0.2375 | K7: 0.27569444 | M7: 0.27222222 | O7: 0.32430556 | Q7: 0.33472222 | S7: 0.37291667 | T7: 0.37986111 | U7: 0.41111111 | V7: 0.4875 | W7: 0.56388889 | X7: 0.64027778 | Y7: 0.67152778 | AA7: 0.67847222 | AC7: 0.71319444 | AE7: 0.72708333 | AG7: 0.75833333 | AI7: 0.77569444
A8: WALTOO | B8: -25.716950166393737, 28.32134413848142 | C8: 0.17986111 | E8: 0.19722222 | G8: 0.22847222 | I8: 0.23888889 | K8: 0.27708333 | M8: 0.27361111 | O8: 0.32569444 | Q8: 0.33611111 | S8: 0.37430556 | T8: 0.38125 | U8: 0.4125 | V8: 0.48888889 | W8: 0.56527778 | X8: 0.64166667 | Y8: 0.67291667 | AA8: 0.67986111 | AC8: 0.71458333 | AE8: 0.72847222 | AG8: 0.75972222 | AI8: 0.77708333
A9: EERSTERUS | B9: -25.720262104484497, 28.30708446350365
A10: SILVERTON | B10: -25.727388634278455, 28.29699912151972 | C10: 0.18194444 | E10: 0.19930556 | G10: 0.23055556 | I10: 0.24097222 | K10: 0.27916667 | M10: 0.27569444 | O10: 0.32777778 | Q10: 0.33819444 | S10: 0.37638889 | T10: 0.38402778 | U10: 0.41458333 | V10: 0.49097222 | W10: 0.56736111 | X10: 0.64375 | Y10: 0.675 | AA10: 0.68194444 | AC10: 0.71666667 | AE10: 0.73055556 | AG10: 0.76180556 | AI10: 0.77916667
A11: KOEDOESPOORT | B11: -25.72608149772232, 28.27872645216183 | C11: 0.18402778 | D11: 0.19097222 | E11: 0.20138889 | F11: 0.20833333 | G11: 0.23263889 | H11: 0.23958333 | I11: 0.24305556 | J11: 0.25 | K11: 0.28125 | L11: 0.28819444 | M11: 0.27777778 | N11: 0.29861111 | O11: 0.32986111 | P11: 0.33680556 | Q11: 0.34027778 | R11: 0.35763889 | S11: 0.37847222 | T11: 0.38541667 | U11: 0.41666667 | V11: 0.49305556 | W11: 0.56944444 | X11: 0.64583333 | Y11: 0.67708333 | Z11: 0.68402778 | AA11: 0.68402778 | AB11: 0.69444444 | AC11: 0.71875 | AD11: 0.72569444 | AE11: 0.73263889 | AF11: 0.74305556 | AG11: 0.76388889 | AH11: 0.77083333 | AI11: 0.78125
A12: QUEENSWOOD | B12: -25.721853760563217, 28.25178790666072
A13: HARTBEESSPRUIT | B13: -25.746516360305577, 28.2411523995095 | D13: 0.19444444 | F13: 0.21180556 | H13: 0.24305556 | J13: 0.25347222 | L13: 0.29166667 | N13: 0.30208333 | P13: 0.34027778 | R13: 0.36111111 | S13: 0.38263889 | T13: 0.38958333 | U13: 0.42083333 | V13: 0.49722222 | W13: 0.57361111 | X13: 0.65 | Z13: 0.6875 | AB13: 0.69791667 | AD13: 0.72916667 | AF13: 0.74652778 | AH13: 0.77430556 | AI13: 0.78541667
A14: RISSIK | B14: -25.749263370927064, 28.232274866782785 | D14: 0.19583333 | F14: 0.21319444 | H14: 0.24444444 | J14: 0.25486111 | L14: 0.29305556 | N14: 0.30347222 | P14: 0.34166667 | R14: 0.3625 | S14: 0.38402778 | T14: 0.39097222 | U14: 0.42222222 | V14: 0.49861111 | W14: 0.575 | X14: 0.65138889 | Z14: 0.68888889 | AB14: 0.69930556 | AD14: 0.73055556 | AF14: 0.74791667 | AH14: 0.77569444 | AI14: 0.78680556
A15: LOFTUS VERSFELD PARK | B15: -25.754940155678536, 28.22535667426071 | D15: 0.19791667 | F15: 0.21527778 | H15: 0.24652778 | J15: 0.25694444 | L15: 0.29513889 | N15: 0.30555556 | P15: 0.34375 | R15: 0.36458333 | S15: 0.38541667 | T15: 0.39236111 | U15: 0.42361111 | V15: 0.5 | W15: 0.57638889 | X15: 0.65277778 | Z15: 0.69097222 | AB15: 0.70138889 | AD15: 0.73263889 | AF15: 0.75 | AH15: 0.77777778 | AI15: 0.78819444
A16: WALKER STREET | B16: -25.76012800529803, 28.213499980098053 | D16: 0.2 | F16: 0.21736111 | H16: 0.24861111 | J16: 0.25902778 | L16: 0.29722222 | N16: 0.30763889 | P16: 0.34583333 | R16: 0.36666667 | S16: 0.3875 | T16: 0.39444444 | U16: 0.42569444 | V16: 0.50208333 | W16: 0.57847222 | X16: 0.65486111 | Z16: 0.69305556 | AB16: 0.70347222 | AD16: 0.73472222 | AF16: 0.75208333 | AH16: 0.77986111 | AI16: 0.79027778
A17: DEVENISH STREET | B17: -25.760571651064055, 28.209966455924803 | D17: 0.20069444 | F17: 0.21805556 | H17: 0.24930556 | J17: 0.25972222 | L17: 0.29791667 | N17: 0.30833333 | P17: 0.34652778 | R17: 0.36736111 | S17: 0.38888889 | T17: 0.39583333 | U17: 0.42708333 | V17: 0.50347222 | W17: 0.57986111 | X17: 0.65625 | Z17: 0.69375 | AB17: 0.70416667 | AD17: 0.73541667 | AF17: 0.75277778 | AH17: 0.78055556 | AI17: 0.79166667
A18: MEARS STREET | B18: -25.759836388884576, 28.201559350093763 | D18: 0.20208333 | F18: 0.21944444 | H18: 0.25069444 | J18: 0.26111111 | L18: 0.29930556 | N18: 0.30972222 | P18: 0.34791667 | R18: 0.36875 | S18: 0.38958333 | T18: 0.39652778 | U18: 0.42777778 | V18: 0.50416667 | W18: 0.58055556 | X18: 0.65694444 | Z18: 0.69513889 | AB18: 0.70555556 | AD18: 0.73680556 | AF18: 0.75416667 | AH18: 0.78194444 | AI18: 0.79236111
A19: PRETORIA | B19: -25.75864361043285, 28.189866445989118 | D19: 0.20486111 | F19: 0.22222222 | H19: 0.25347222 | J19: 0.26388889 | L19: 0.30208333 | N19: 0.3125 | P19: 0.35069444 | R19: 0.37152778 | S19: 0.39236111 | T19: 0.39930556 | U19: 0.43055556 | V19: 0.50694444 | W19: 0.58333333 | X19: 0.65972222 | Z19: 0.69791667 | AB19: 0.70833333 | AD19: 0.73958333 | AF19: 0.75694444 | AH19: 0.78472222 | AI19: 0.79513889
AP50: Cummulative times | AQ50: Inter-station times
AO51: =A3 -> PIENAARSPOORT | AP51: 0 | AQ51: 0
AO52: =A5 -> MAMELODI GARDENS | AP52: 0.00625 | AQ52: 0.00625
AO53: =A6 -> EERSTE FABRIEKE | AP53: 0.0097222222 | AQ53: 0.0034722222
AO54: =A7 -> DENNEBOOM | AP54: 0.011805556 | AQ54: 0.0020833333
AO55: =A8 -> WALTOO | AP55: 0.013194444 | AQ55: 0.0013888889
AO56: =A10 -> SILVERTON | AP56: 0.015277778 | AQ56: 0.0020833333
AO57: =A11 -> KOEDOESPOORT | AP57: 0.017361111 | AQ57: 0.0020833333
AO58: =A13 -> HARTBEESSPRUIT | AP58: 0.019444444 | AQ58: 0.0020833333
AO59: =A14 -> RISSIK | AP59: 0.022916667 | AQ59: 0.0027777778
AO60: =A15 -> LOFTUS VERSFELD PARK | AP60: 0.024305556 | AQ60: 0.0020833333
AO61: =A16 -> WALKER STREET | AP61: 0.026388889 | AQ61: 0.0020833333
AO62: =A17 -> DEVENISH STREET | AP62: 0.027777778 | AQ62: 0.0013888889
AO63: =A18 -> MEARS STREET | AP63: 0.028472222 | AQ63: 0.00069444444
AO64: =A19 -> PRETORIA | AP64: 0.03125 | AQ64: 0.0027777778
AP65: 9 | AQ65: 9

Sheet PTA-to-PIEN_Sat
A1: Last Updated: | B1: 45890 | C1: ='PTA-to-PIEN_Weekday'!C1 -> Z2
A2: STATION | B2: COORDINATES | C2: 9101 | D2: 9103 | E2: 9115 | F2: 9117 | G2: 9119
A3: PRETORIA | B3: -25.75864361043285, 28.189866445989118 | C3: 0.22291667 | D3: 0.29513889 | E3: 0.63194444 | F3: 0.70208333 | G3: 0.77916667
A4: MEARS STREET | B4: -25.759836388884576, 28.201559350093763 | C4: 0.225 | D4: 0.29722222 | E4: 0.63402778 | F4: 0.70416667 | G4: 0.78125
A5: DEVENISH STREET | B5: -25.760571651064055, 28.209966455924803 | C5: 0.22638889 | D5: 0.29861111 | E5: 0.63541667 | F5: 0.70555556 | G5: 0.78263889
A6: WALKER STREET | B6: -25.76012800529803, 28.213499980098053 | C6: 0.22708333 | D6: 0.29930556 | E6: 0.63611111 | F6: 0.70625 | G6: 0.78333333
A7: LOFTUS VERSFELD PARK | B7: -25.754940155678536, 28.22535667426071 | C7: 0.22916667 | D7: 0.30138889 | E7: 0.63819444 | F7: 0.70833333 | G7: 0.78541667
A8: RISSIK | B8: -25.749263370927064, 28.232274866782785 | C8: 0.23055556 | D8: 0.30277778 | E8: 0.63958333 | F8: 0.70972222 | G8: 0.78680556
A9: HARTBEESSPRUIT | B9: -25.746516360305577, 28.2411523995095 | C9: 0.23263889 | D9: 0.30486111 | E9: 0.64166667 | F9: 0.71180556 | G9: 0.78888889
A10: QUEENSWOOD | B10: -25.721853760563217, 28.25178790666072
A11: KOEDOESPOORT | B11: -25.72608149772232, 28.27872645216183 | C11: 0.23472222 | D11: 0.30694444 | E11: 0.64375 | F11: 0.71388889 | G11: 0.79097222
A12: SILVERTON | B12: -25.727388634278455, 28.29699912151972 | C12: 0.23680556 | D12: 0.30902778 | E12: 0.64583333 | F12: 0.71597222 | G12: 0.79305556
A13: EERSTERUS | B13: -25.720262104484497, 28.30708446350365
A14: WALTOO | B14: -25.716964535181983, 28.32134413848142 | C14: 0.23888889 | D14: 0.31111111 | E14: 0.64791667 | F14: 0.71805556 | G14: 0.79513889
A15: DENNEBOOM | B15: -25.719077472725353, 28.336637070658863 | C15: 0.24027778 | D15: 0.3125 | E15: 0.64930556 | F15: 0.71944444 | G15: 0.79652778
A16: EERSTE FABRIEKE | B16: -25.7221815801619, 28.359894081240192 | C16: 0.24236111 | D16: 0.31458333 | E16: 0.65138889 | F16: 0.72152778 | G16: 0.79861111
A17: MAMELODI GARDENS | B17: -25.727137148700365, 28.38522516947939 | C17: 0.24513889 | D17: 0.31736111 | E17: 0.65416667 | F17: 0.72430556 | G17: 0.80138889
A18: GREENVIEW | B18: -25.73018814715231, 28.406238121914445
A19: PIENAARSPOORT | B19: -25.734672061252613, 28.426968817228143 | C19: 0.25138889 | D19: 0.32083333 | E19: 0.65763889 | F19: 0.72777778 | G19: 0.80486111

Sheet PIEN-to-PTA_Sat
A1: Last Updated: | B1: 45890 | C1: ='PTA-to-PIEN_Weekday'!C1 -> Z2
A2: STATION | B2: COORDINATES | C2: 9100 | D2: 9102 | E2: 9104 | F2: 9116 | G2: 9118
A3: PIENAARSPOORT | B3: -25.734672061252613, 28.426968817228143 | C3: 0.1875 | D3: 0.25833333 | E3: 0.33055556 | F3: 0.66666667 | G3: 0.73680556
A4: GREENVIEW | B4: -25.73018814715231, 28.406238121914445
A5: MAMELODI GARDENS | B5: -25.727137148700365, 28.38522516947939 | C5: 0.19375 | D5: 0.26458333 | E5: 0.33680556 | F5: 0.67291667 | G5: 0.74305556
A6: EERSTE FABRIEKE | B6: -25.7221815801619, 28.359894081240192 | C6: 0.19722222 | D6: 0.26805556 | E6: 0.34027778 | F6: 0.67638889 | G6: 0.74652778
A7: DENNEBOOM | B7: -25.719077472725353, 28.336637070658863 | C7: 0.19930556 | D7: 0.27013889 | E7: 0.34236111 | F7: 0.67847222 | G7: 0.74861111
A8: WALTOO | B8: -25.716950166393737, 28.32134413848142 | C8: 0.20069444 | D8: 0.27152778 | E8: 0.34375 | F8: 0.67986111 | G8: 0.75
A9: EERSTERUS | B9: -25.720262104484497, 28.30708446350365
A10: SILVERTON | B10: -25.727388634278455, 28.29699912151972 | C10: 0.20277778 | D10: 0.27361111 | E10: 0.34583333 | F10: 0.68194444 | G10: 0.75208333
A11: KOEDOESPOORT | B11: -25.72608149772232, 28.27872645216183 | C11: 0.20486111 | D11: 0.27569444 | E11: 0.34791667 | F11: 0.68402778 | G11: 0.75416667
A12: QUEENSWOOD | B12: -25.721853760563217, 28.25178790666072
A13: HARTBEESSPRUIT | B13: -25.746516360305577, 28.2411523995095 | C13: 0.20694444 | D13: 0.27777778 | E13: 0.35 | F13: 0.68611111 | G13: 0.75625
A14: RISSIK | B14: -25.749263370927064, 28.232274866782785 | C14: 0.20972222 | D14: 0.28055556 | E14: 0.35277778 | F14: 0.68888889 | G14: 0.75902778
A15: LOFTUS VERSFELD PARK | B15: -25.754940155678536, 28.22535667426071 | C15: 0.21180556 | D15: 0.28263889 | E15: 0.35486111 | F15: 0.69097222 | G15: 0.76111111
A16: WALKER STREET | B16: -25.76012800529803, 28.213499980098053 | C16: 0.21388889 | D16: 0.28472222 | E16: 0.35694444 | F16: 0.69305556 | G16: 0.76319444
A17: DEVENISH STREET | B17: -25.760571651064055, 28.209966455924803 | C17: 0.21527778 | D17: 0.28611111 | E17: 0.35833333 | F17: 0.69444444 | G17: 0.76458333
A18: MEARS STREET | B18: -25.759836388884576, 28.201559350093763 | C18: 0.21597222 | D18: 0.28680556 | E18: 0.35902778 | F18: 0.69513889 | G18: 0.76527778
A19: PRETORIA | B19: -25.75864361043285, 28.189866445989118 | C19: 0.21875 | D19: 0.28958333 | E19: 0.36180556 | F19: 0.69791667 | G19: 0.76805556

Sheet PTA-to-MAB_Weekday
A1: Last Updated: | B1: 46055 | C1: Z2
A2: STATION | B2: COORDINATES | C2: 1801 | D2: 1803 | E2: 1805 | F2: 1807 | G2: 1809 | H2: 1811 | I2: 1813 | J2: 1815 | K2: 1817 | L2: 1819 | M2: 1827 | N2: 1829 | O2: 1837 | P2: 1831 | Q2: 1833 | R2: 1839 | S2: 1835 | T2: 1845 | U2: 1847 | V2: 1849 | W2: 1851 | X2: 1853 | Y2: 1855 | Z2: 1857 | AA2: 1859 | AB2: 1861 | AC2: 1863 | AD2: 1865
A3: PRETORIA | B3: ='PTA-to-PIEN_Sat'!B3 -> -25.75864361043285, 28.189866445989118 | C3: 0.21666667 | D3: 0.23263889 | E3: 0.24930556 | F3: 0.26527778 | G3: 0.28194444 | H3: 0.29791667 | I3: 0.31458333 | J3: 0.33055556 | K3: 0.34722222 | L3: 0.36319444 | M3: 0.39583333 | N3: 0.44444444 | O3: 0.47013889 | P3: 0.49305556 | Q3: 0.54166667 | R3: 0.56736111 | S3: 0.59027778 | T3: 0.64027778 | U3: 0.65694444 | V3: 0.67291667 | W3: 0.68958333 | X3: 0.70555556 | Y3: 0.72222222 | Z3: 0.73819444 | AA3: 0.75486111 | AB3: 0.77013889 | AC3: 0.80069444 | AD3: 0.8125
A4: PRETORIA-B | B4: -25.756676856613193, 28.185038595618654
A5: BARRACKS | B5: -25.755574101903797, 28.179303473039578
A6: PRETORIA WES | B6: -25.75612607001734, 28.167454033423436 | C6: 0.22083333 | D6: 0.23680556 | E6: 0.25347222 | F6: 0.26944444 | G6: 0.28611111 | H6: 0.30208333 | I6: 0.31875 | J6: 0.33472222 | K6: 0.35138889 | L6: 0.36736111 | M6: 0.4 | N6: 0.44861111 | O6: 0.47430556 | P6: 0.49722222 | Q6: 0.54583333 | R6: 0.57152778 | S6: 0.59444444 | T6: 0.64444444 | U6: 0.66111111 | V6: 0.67708333 | W6: 0.69375 | X6: 0.70972222 | Y6: 0.72638889 | Z6: 0.74236111 | AA6: 0.75902778 | AB6: 0.77430556 | AC6: 0.80486111 | AD6: 0.81666667
A7: MITCHELLSTRAAT | B7: -25.75622307580123, 28.162751428886452
A8: SCHUTTESTRAAT | B8: -25.750415192351678, 28.15981508027586
A9: GOLF | B9: -25.73976641543697, 28.16133154377941
A10: TECHNIKON RANT | B10: -25.732094233731814, 28.167478537946376
A11: HERCULES | B11: -25.724426332570793, 28.16740145328856 | C11: 0.22638889 | D11: 0.24236111 | E11: 0.25902778 | F11: 0.275 | G11: 0.29166667 | H11: 0.30763889 | I11: 0.32430556 | J11: 0.34027778 | K11: 0.35694444 | L11: 0.37291667 | M11: 0.40555556 | N11: 0.45416667 | O11: 0.47986111 | P11: 0.50277778 | Q11: 0.55138889 | R11: 0.57708333 | S11: 0.6 | T11: 0.65 | U11: 0.66666667 | V11: 0.68263889 | W11: 0.69930556 | X11: 0.71527778 | Y11: 0.73194444 | Z11: 0.74791667 | AA11: 0.76458333 | AB11: 0.77986111 | AC11: 0.81041667 | AD11: 0.82222222
A12: DASPOORT | B12: -25.71389154994833, 28.16610216678128
A13: MOUNTAIN VIEW | B13: -25.701154966265122, 28.1710407244521 | C13: 0.22986111 | D13: 0.24583333 | E13: 0.2625 | F13: 0.27847222 | G13: 0.29513889 | H13: 0.31111111 | I13: 0.32777778 | J13: 0.34375 | K13: 0.36041667 | L13: 0.37638889 | M13: 0.40902778 | N13: 0.45763889 | O13: 0.48333333 | P13: 0.50625 | Q13: 0.55486111 | R13: 0.58055556 | S13: 0.60347222 | T13: 0.65347222 | U13: 0.67013889 | V13: 0.68611111 | W13: 0.70277778 | X13: 0.71875 | Y13: 0.73541667 | Z13: 0.75138889 | AA13: 0.76805556 | AB13: 0.78333333 | AC13: 0.81388889 | AD13: 0.82569444
A14: WONDERBOOM | B14: -25.679398283013505, 28.182541636641577
A15: PRETORIA-N | B15: -25.672156912459837, 28.181972182122085 | C15: 0.23472222 | D15: 0.25069444 | E15: 0.26736111 | F15: 0.28333333 | G15: 0.3 | H15: 0.31597222 | I15: 0.33263889 | J15: 0.34861111 | K15: 0.36527778 | L15: 0.38125 | M15: 0.41388889 | N15: 0.4625 | O15: 0.48819444 | P15: 0.51111111 | Q15: 0.55972222 | R15: 0.58541667 | S15: 0.60833333 | T15: 0.65833333 | U15: 0.675 | V15: 0.69097222 | W15: 0.70763889 | X15: 0.72361111 | Y15: 0.74027778 | Z15: 0.75625 | AA15: 0.77291667 | AB15: 0.78819444 | AC15: 0.81875 | AD15: 0.83055556
A16: WOLMERTON | B16: -25.656754583256834, 28.166308537943245 | C16: 0.2375 | D16: 0.25347222 | E16: 0.27013889 | F16: 0.28611111 | G16: 0.30277778 | H16: 0.31875 | I16: 0.33541667 | J16: 0.35138889 | K16: 0.36805556 | L16: 0.38402778 | M16: 0.41666667 | N16: 0.46527778 | O16: 0.49097222 | P16: 0.51388889 | Q16: 0.5625 | R16: 0.58819444 | S16: 0.61111111 | T16: 0.66111111 | U16: 0.67777778 | V16: 0.69375 | W16: 0.71041667 | X16: 0.72638889 | Y16: 0.74305556 | Z16: 0.75902778 | AA16: 0.77569444 | AB16: 0.79097222 | AC16: 0.82152778 | AD16: 0.83333333
A17: WINTERSNEST | B17: -25.646665143468105, 28.128664081235527 | C17: 0.24097222 | D17: 0.25694444 | E17: 0.27361111 | F17: 0.28958333 | G17: 0.30625 | H17: 0.32222222 | I17: 0.33888889 | J17: 0.35486111 | K17: 0.37152778 | L17: 0.3875 | M17: 0.42013889 | N17: 0.46875 | O17: 0.49444444 | P17: 0.51736111 | Q17: 0.56597222 | R17: 0.59166667 | S17: 0.61458333 | T17: 0.66458333 | U17: 0.68125 | V17: 0.69722222 | W17: 0.71388889 | X17: 0.72986111 | Y17: 0.74652778 | Z17: 0.7625 | AA17: 0.77916667 | AB17: 0.79444444 | AC17: 0.825 | AD17: 0.83680556
A18: AKASIABOOM | B18: -25.62343788217021, 28.107351095613126 | C18: 0.24583333 | D18: 0.26180556 | E18: 0.27847222 | F18: 0.29444444 | G18: 0.31111111 | H18: 0.32708333 | I18: 0.34375 | J18: 0.35972222 | K18: 0.37638889 | L18: 0.39236111 | M18: 0.425 | N18: 0.47361111 | O18: 0.49930556 | P18: 0.52222222 | Q18: 0.57083333 | R18: 0.59652778 | S18: 0.61944444 | T18: 0.66944444 | U18: 0.68611111 | V18: 0.70208333 | W18: 0.71875 | X18: 0.73472222 | Y18: 0.75138889 | Z18: 0.76736111 | AA18: 0.78402778 | AB18: 0.79930556 | AC18: 0.82986111 | AD18: 0.84166667
A19: KOPANONG | B19: -25.581315356478292, 28.0903223133063 | C19: 0.24930556 | D19: 0.26527778 | E19: 0.28194444 | F19: 0.29791667 | G19: 0.31458333 | H19: 0.33055556 | I19: 0.34722222 | J19: 0.36319444 | K19: 0.37986111 | L19: 0.39583333 | M19: 0.42847222 | N19: 0.47708333 | O19: 0.50277778 | P19: 0.52569444 | Q19: 0.57430556 | R19: 0.6 | S19: 0.62291667 | T19: 0.67291667 | U19: 0.68958333 | V19: 0.70555556 | W19: 0.72222222 | X19: 0.73819444 | Y19: 0.75486111 | Z19: 0.77083333 | AA19: 0.7875 | AB19: 0.80277778 | AC19: 0.83333333 | AD19: 0.84513889
A20: LEBALENG | B20: -25.541710548406016, 28.076425164924746
A21: SOSHANGUVE | B21: -25.520916877100483, 28.082831418476943
A22: MABOPANE | B22: -25.495963167301053, 28.089659387779985 | C22: 0.25833333 | D22: 0.27430556 | E22: 0.29097222 | F22: 0.30694444 | G22: 0.32361111 | H22: 0.33958333 | I22: 0.35625 | J22: 0.37222222 | K22: 0.38888889 | L22: 0.40486111 | M22: 0.4375 | N22: 0.48611111 | O22: 0.51180556 | P22: 0.53472222 | Q22: 0.58333333 | R22: 0.60902778 | S22: 0.63194444 | T22: 0.68194444 | U22: 0.69861111 | V22: 0.71458333 | W22: 0.73125 | X22: 0.74722222 | Y22: 0.76388889 | Z22: 0.77986111 | AA22: 0.79652778 | AB22: 0.81180556 | AC22: 0.84236111 | AD22: 0.85416667

Sheet MAB-to-PTA_Weekday
A1: Last Updated: | B1: ='PTA-to-MAB_Weekday'!B1 -> 46055 | C1: ='PTA-to-MAB_Weekday'!C1 -> Z2
A2: STATION | B2: COORDINATES | C2: 1800 | D2: 1802 | E2: 1804 | F2: 1806 | G2: 1808 | H2: 1810 | I2: 1812 | J2: 1814 | K2: 1816 | L2: 1818 | M2: 1820 | N2: 1822 | O2: 1824 | P2: 1826 | Q2: 1836 | R2: 1828 | S2: 1830 | T2: 1838 | U2: 1832 | V2: 1834 | W2: 1840 | X2: 1850 | Y2: 1852 | Z2: 1854 | AA2: 1856 | AB2: 1858 | AC2: 1860 | AD2: 1862 | AE2: 1864
A3: MABOPANE | B3: -25.495963167301053, 28.089659387779985 | C3: 0.16805556 | D3: 0.18402778 | E3: 0.20069444 | F3: 0.21666667 | G3: 0.23333333 | H3: 0.24930556 | I3: 0.26597222 | J3: 0.28194444 | K3: 0.29861111 | L3: 0.31458333 | M3: 0.33125 | N3: 0.34722222 | O3: 0.36388889 | P3: 0.39583333 | Q3: 0.42152778 | R3: 0.44444444 | S3: 0.49305556 | T3: 0.51875 | U3: 0.54166667 | V3: 0.59027778 | W3: 0.62152778 | X3: 0.64027778 | Y3: 0.65763889 | Z3: 0.67291667 | AA3: 0.68958333 | AB3: 0.70625 | AC3: 0.72222222 | AD3: 0.73819444 | AE3: 0.75486111
A4: SOSHANGUVE | B4: -25.520916877100483, 28.082831418476943
A5: LEBALENG | B5: -25.541710548406016, 28.076425164924746
A6: KOPANONG | B6: -25.581315356478292, 28.0903223133063 | C6: 0.17638889 | D6: 0.19236111 | E6: 0.20902778 | F6: 0.225 | G6: 0.24166667 | H6: 0.25763889 | I6: 0.27430556 | J6: 0.29027778 | K6: 0.30694444 | L6: 0.32291667 | M6: 0.33958333 | N6: 0.35555556 | O6: 0.37222222 | P6: 0.40416667 | Q6: 0.42986111 | R6: 0.45277778 | S6: 0.50138889 | T6: 0.52708333 | U6: 0.55 | V6: 0.59861111 | W6: 0.62986111 | X6: 0.64861111 | Y6: 0.66597222 | Z6: 0.68125 | AA6: 0.69791667 | AB6: 0.71458333 | AC6: 0.73055556 | AD6: 0.74652778 | AE6: 0.76319444
A7: AKASIABOOM | B7: -25.62343788217021, 28.107351095613126 | C7: 0.18055556 | D7: 0.19652778 | E7: 0.21319444 | F7: 0.22916667 | G7: 0.24583333 | H7: 0.26180556 | I7: 0.27847222 | J7: 0.29444444 | K7: 0.31111111 | L7: 0.32708333 | M7: 0.34375 | N7: 0.35972222 | O7: 0.37638889 | P7: 0.40833333 | Q7: 0.43402778 | R7: 0.45694444 | S7: 0.50555556 | T7: 0.53125 | U7: 0.55416667 | V7: 0.60277778 | W7: 0.63402778 | X7: 0.65277778 | Y7: 0.67013889 | Z7: 0.68541667 | AA7: 0.70208333 | AB7: 0.71875 | AC7: 0.73472222 | AD7: 0.75069444 | AE7: 0.76736111
A8: WINTERSNEST | B8: -25.646665143468105, 28.128664081235527 | C8: 0.18541667 | D8: 0.20138889 | E8: 0.21805556 | F8: 0.23402778 | G8: 0.25069444 | H8: 0.26666667 | I8: 0.28333333 | J8: 0.29930556 | K8: 0.31597222 | L8: 0.33194444 | M8: 0.34861111 | N8: 0.36458333 | O8: 0.38125 | P8: 0.41319444 | Q8: 0.43888889 | R8: 0.46180556 | S8: 0.51041667 | T8: 0.53611111 | U8: 0.55902778 | V8: 0.60763889 | W8: 0.63888889 | X8: 0.65763889 | Y8: 0.675 | Z8: 0.69027778 | AA8: 0.70694444 | AB8: 0.72361111 | AC8: 0.73958333 | AD8: 0.75555556 | AE8: 0.77222222
A9: WOLMERTON | B9: -25.656754583256834, 28.166308537943245 | C9: 0.18958333 | D9: 0.20555556 | E9: 0.22222222 | F9: 0.23819444 | G9: 0.25486111 | H9: 0.27083333 | I9: 0.2875 | J9: 0.30347222 | K9: 0.32013889 | L9: 0.33611111 | M9: 0.35277778 | N9: 0.36875 | O9: 0.38541667 | P9: 0.41736111 | Q9: 0.44305556 | R9: 0.46597222 | S9: 0.51458333 | T9: 0.54027778 | U9: 0.56319444 | V9: 0.61180556 | W9: 0.64305556 | X9: 0.66180556 | Y9: 0.67916667 | Z9: 0.69444444 | AA9: 0.71111111 | AB9: 0.72777778 | AC9: 0.74375 | AD9: 0.75972222 | AE9: 0.77638889
A10: PRETORIA-N | B10: -25.672156912459837, 28.181972182122085 | C10: 0.19236111 | D10: 0.20833333 | E10: 0.225 | F10: 0.24097222 | G10: 0.25763889 | H10: 0.27361111 | I10: 0.29027778 | J10: 0.30625 | K10: 0.32291667 | L10: 0.33888889 | M10: 0.35555556 | N10: 0.37152778 | O10: 0.38819444 | P10: 0.42013889 | Q10: 0.44583333 | R10: 0.46875 | S10: 0.51736111 | T10: 0.54305556 | U10: 0.56597222 | V10: 0.61458333 | W10: 0.64583333 | X10: 0.66458333 | Y10: 0.68194444 | Z10: 0.69722222 | AA10: 0.71388889 | AB10: 0.73055556 | AC10: 0.74652778 | AD10: 0.7625 | AE10: 0.77916667
A11: WONDERBOOM | B11: -25.679398283013505, 28.182541636641577
A12: MOUNTAIN VIEW | B12: -25.701154966265122, 28.1710407244521 | C12: 0.19722222 | D12: 0.21319444 | E12: 0.22986111 | F12: 0.24583333 | G12: 0.2625 | H12: 0.27847222 | I12: 0.29513889 | J12: 0.31111111 | K12: 0.32777778 | L12: 0.34375 | M12: 0.36041667 | N12: 0.37638889 | O12: 0.39305556 | P12: 0.425 | Q12: 0.45069444 | R12: 0.47361111 | S12: 0.52222222 | T12: 0.54791667 | U12: 0.57083333 | V12: 0.61944444 | W12: 0.65069444 | X12: 0.66944444 | Y12: 0.68680556 | Z12: 0.70208333 | AA12: 0.71875 | AB12: 0.73541667 | AC12: 0.75138889 | AD12: 0.76736111 | AE12: 0.78402778
A13: DASPOORT | B13: -25.71389154994833, 28.16610216678128
A14: HERCULES | B14: -25.724426332570793, 28.16740145328856 | C14: 0.20069444 | D14: 0.21666667 | E14: 0.23333333 | F14: 0.24930556 | G14: 0.26597222 | H14: 0.28194444 | I14: 0.29861111 | J14: 0.31458333 | K14: 0.33125 | L14: 0.34722222 | M14: 0.36388889 | N14: 0.37986111 | O14: 0.39652778 | P14: 0.42847222 | Q14: 0.45416667 | R14: 0.47708333 | S14: 0.52569444 | T14: 0.55138889 | U14: 0.57430556 | V14: 0.62291667 | W14: 0.65416667 | X14: 0.67291667 | Y14: 0.69027778 | Z14: 0.70555556 | AA14: 0.72222222 | AB14: 0.73888889 | AC14: 0.75486111 | AD14: 0.77083333 | AE14: 0.7875
A15: TECHNIKON RANT | B15: -25.732094233731814, 28.167478537946376
A16: GOLF | B16: -25.73976641543697, 28.16133154377941
A17: SCHUTTESTRAAT | B17: -25.750415192351678, 28.15981508027586
A18: MITCHELLSTRAAT | B18: -25.75622307580123, 28.162751428886452
A19: PRETORIA WES | B19: -25.75612607001734, 28.167454033423436 | C19: 0.20555556 | D19: 0.22152778 | E19: 0.23819444 | F19: 0.25416667 | G19: 0.27083333 | H19: 0.28680556 | I19: 0.30347222 | J19: 0.31944444 | K19: 0.33611111 | L19: 0.35208333 | M19: 0.36875 | N19: 0.38472222 | O19: 0.40138889 | P19: 0.43333333 | Q19: 0.45902778 | R19: 0.48194444 | S19: 0.53055556 | T19: 0.55625 | U19: 0.57916667 | V19: 0.62777778 | W19: 0.65902778 | X19: 0.67777778 | Y19: 0.69513889 | Z19: 0.71041667 | AA19: 0.72708333 | AB19: 0.74375 | AC19: 0.75972222 | AD19: 0.77569444 | AE19: 0.79236111
A20: BARRACKS | B20: -25.755574101903797, 28.179303473039578
A21: PRETORIA-B | B21: -25.756676856613193, 28.185038595618654
A22: PRETORIA | B22: -25.75864361043285, 28.189866445989118 | C22: 0.20972222 | D22: 0.22569444 | E22: 0.24236111 | F22: 0.25833333 | G22: 0.275 | H22: 0.29097222 | I22: 0.30763889 | J22: 0.32361111 | K22: 0.34027778 | L22: 0.35625 | M22: 0.37291667 | N22: 0.38888889 | O22: 0.40555556 | P22: 0.4375 | Q22: 0.46319444 | R22: 0.48611111 | S22: 0.53472222 | T22: 0.56041667 | U22: 0.58333333 | V22: 0.63194444 | W22: 0.66319444 | X22: 0.68194444 | Y22: 0.69930556 | Z22: 0.71458333 | AA22: 0.73125 | AB22: 0.74791667 | AC22: 0.76388889 | AD22: 0.77986111 | AE22: 0.79652778

Sheet PTA-to-MAB_Sat
A1: Last Updated: | B1: Unspecified | C1: ='PTA-to-MAB_Weekday'!C1 -> Z2
A2: STATION | B2: COORDINATES | C2: 1803 | D2: 1805 | E2: 1821 | F2: 1823
A3: PRETORIA | B3: ='PTA-to-PIEN_Sat'!B3 -> -25.75864361043285, 28.189866445989118 | C3: 0.25 | D3: 0.375 | E3: 0.63541667 | F3: 0.77777778
A4: PRETORIA-B | B4: -25.756676856613193, 28.185038595618654
A5: BARRACKS | B5: -25.755574101903797, 28.179303473039578
A6: PRETORIA WES | B6: -25.75612607001734, 28.167454033423436 | C6: 0.25416667 | D6: 0.37916667 | E6: 0.63958333 | F6: 0.78194444
A7: MITCHELLSTRAAT | B7: -25.75622307580123, 28.162751428886452
A8: SCHUTTESTRAAT | B8: -25.750415192351678, 28.15981508027586
A9: GOLF | B9: -25.73976641543697, 28.16133154377941
A10: TECHNIKON RANT | B10: -25.732094233731814, 28.167478537946376
A11: HERCULES | B11: -25.724426332570793, 28.16740145328856 | C11: 0.25972222 | D11: 0.38472222 | E11: 0.64513889 | F11: 0.7875
A12: DASPOORT | B12: -25.71389154994833, 28.16610216678128
A13: MOUNTAIN VIEW | B13: -25.701154966265122, 28.1710407244521 | C13: 0.26319444 | D13: 0.38819444 | E13: 0.64861111 | F13: 0.79097222
A14: WONDERBOOM | B14: -25.679398283013505, 28.182541636641577
A15: PRETORIA-N | B15: -25.672156912459837, 28.181972182122085 | C15: 0.26805556 | D15: 0.39305556 | E15: 0.65347222 | F15: 0.79583333
A16: WOLMERTON | B16: -25.656754583256834, 28.166308537943245 | C16: 0.27083333 | D16: 0.39583333 | E16: 0.65625 | F16: 0.79861111
A17: WINTERSNEST | B17: -25.646665143468105, 28.128664081235527 | C17: 0.27430556 | D17: 0.39930556 | E17: 0.65972222 | F17: 0.80208333
A18: AKASIABOOM | B18: -25.62343788217021, 28.107351095613126 | C18: 0.27916667 | D18: 0.40416667 | E18: 0.66458333 | F18: 0.80694444
A19: KOPANONG | B19: -25.581315356478292, 28.0903223133063 | C19: 0.28263889 | D19: 0.40763889 | E19: 0.66805556 | F19: 0.81041667
A20: LEBALENG | B20: -25.541710548406016, 28.076425164924746
A21: SOSHANGUVE | B21: -25.520916877100483, 28.082831418476943
A22: MABOPANE | B22: -25.495963167301053, 28.089659387779985 | C22: 0.29166667 | D22: 0.41666667 | E22: 0.67708333 | F22: 0.81944444

Sheet MAB-to-PTA_Sat
A1: Last Updated: | B1: ='PTA-to-MAB_Sat'!B1 -> Unspecified | C1: ='PTA-to-MAB_Weekday'!C1 -> Z2
A2: STATION | B2: COORDINATES | C2: 1800 | D2: 1802 | E2: 1822
A3: MABOPANE | B3: -25.495963167301053, 28.089659387779985 | C3: 0.20138889 | D3: 0.30555556 | E3: 0.69097222
A4: SOSHANGUVE | B4: -25.520916877100483, 28.082831418476943
A5: LEBALENG | B5: -25.541710548406016, 28.076425164924746
A6: KOPANONG | B6: -25.581315356478292, 28.0903223133063 | C6: 0.20972222 | D6: 0.31388889 | E6: 0.69930556
A7: AKASIABOOM | B7: -25.62343788217021, 28.107351095613126 | C7: 0.21388889 | D7: 0.31805556 | E7: 0.70347222
A8: WINTERSNEST | B8: -25.646665143468105, 28.128664081235527 | C8: 0.21875 | D8: 0.32291667 | E8: 0.70833333
A9: WOLMERTON | B9: -25.656754583256834, 28.166308537943245 | C9: 0.22291667 | D9: 0.32708333 | E9: 0.7125
A10: PRETORIA-N | B10: -25.672156912459837, 28.181972182122085 | C10: 0.22569444 | D10: 0.32986111 | E10: 0.71527778
A11: WONDERBOOM | B11: -25.679398283013505, 28.182541636641577
A12: MOUNTAIN VIEW | B12: -25.701154966265122, 28.1710407244521 | C12: 0.23055556 | D12: 0.33472222 | E12: 0.72013889
A13: DASPOORT | B13: -25.71389154994833, 28.16610216678128
A14: HERCULES | B14: -25.724426332570793, 28.16740145328856 | C14: 0.23402778 | D14: 0.33819444 | E14: 0.72361111
A15: TECHNIKON RANT | B15: -25.732094233731814, 28.167478537946376
A16: GOLF | B16: -25.73976641543697, 28.16133154377941
A17: SCHUTTESTRAAT | B17: -25.750415192351678, 28.15981508027586
A18: MITCHELLSTRAAT | B18: -25.75622307580123, 28.162751428886452
A19: PRETORIA WES | B19: -25.75612607001734, 28.167454033423436 | C19: 0.23888889 | D19: 0.34305556 | E19: 0.72847222
A20: BARRACKS | B20: -25.755574101903797, 28.179303473039578
A21: PRETORIA-B | B21: -25.756676856613193, 28.185038595618654
A22: PRETORIA | B22: -25.75864361043285, 28.189866445989118 | C22: 0.24305556 | D22: 0.34722222 | E22: 0.73263889

Sheet GERM-to-LERL_Weekday
A1: Last Updated: | B1: 45925 | C1: Z2
A2: STATION | B2: COORDINATES | C2: 0501 | D2: 0503 | E2: 0505 | F2: 0509 | G2: 0507 | H2: 0511 | I2: 0515 | J2: 0517 | K2: 0519 | L2: 0521 | M2: 0527 | N2: 0523 | O2: 0529 | P2: 0533 | Q2: 0531 | R2: 0535
A3: GERMISTON | B3: -26.209629310943757, 28.16775038029468 | C3: 0.19444444 | D3: 0.20486111 | E3: 0.27083333 | F3: 0.31944444 | G3: 0.33333333 | H3: 0.375 | I3: 0.4375 | J3: 0.5 | K3: 0.54166667 | L3: 0.60416667 | M3: 0.64930556 | N3: 0.65972222 | O3: 0.70833333 | P3: 0.75555556 | Q3: 0.76388889 | R3: 0.81944444
A4: KNIGHTS | B4: -26.19566598383361, 28.196166697507
A5: RAVENSKLIP | B5: -26.180916686844835, 28.19981212632109 | C5: 0.20555556 | D5: 0.21597222 | E5: 0.28194444 | F5: 0.33055556 | G5: 0.34444444 | H5: 0.38611111 | I5: 0.44861111 | J5: 0.51111111 | K5: 0.55277778 | L5: 0.61527778 | M5: 0.66041667 | N5: 0.67083333 | O5: 0.71944444 | P5: 0.76666667 | Q5: 0.77291667 | R5: 0.82847222
A6: ELANDSFONTEIN | B6: -26.16670702075184, 28.20530291097802
A7: ISANDO | B7: -26.135629334887778, 28.221811980118165
A8: RHODESFIELD | B8: -26.126491398917288, 28.22477839248156 | C8: 0.21458333 | D8: 0.225 | E8: 0.29097222 | F8: 0.33958333 | G8: 0.35347222 | H8: 0.39513889 | I8: 0.45763889 | J8: 0.52013889 | K8: 0.56180556 | L8: 0.62430556 | M8: 0.66944444 | N8: 0.67986111 | O8: 0.72847222 | P8: 0.77569444 | Q8: 0.78125 | R8: 0.83680556
A9: KEMPTON PARK | B9: -26.10627314041378, 28.22733384351009 | C9: 0.21875 | D9: 0.22916667 | E9: 0.29513889 | F9: 0.34375 | G9: 0.35763889 | H9: 0.39930556 | I9: 0.46180556 | J9: 0.52430556 | K9: 0.56597222 | L9: 0.62847222 | M9: 0.67361111 | N9: 0.68402778 | O9: 0.73263889 | P9: 0.77986111 | Q9: 0.78472222 | R9: 0.84027778
A10: VAN RIEBEECKPARK | B10: -26.08799580477522, 28.221739995632177
A11: BIRCHLEIGH | B11: -26.066977064619714, 28.234569695631336
A12: KAALFONTEIN | B12: -26.03555593578171, 28.25416120912308
A13: TEMBISA | B13: -26.009687133196852, 28.231477162611803 | C13: 0.23402778 | D13: 0.24444444 | E13: 0.31041667 | F13: 0.35902778 | G13: 0.37291667 | H13: 0.41458333 | I13: 0.47708333 | J13: 0.53958333 | K13: 0.58125 | L13: 0.64375 | M13: 0.68888889 | N13: 0.69930556 | O13: 0.74791667 | P13: 0.79513889 | Q13: 0.80069444 | R13: 0.85625
A14: LIMINDLELA | B14: -26.011188907434516, 28.214689000778122 | C14: 0.23680556 | D14: 0.24722222 | E14: 0.31319444 | F14: 0.36180556 | G14: 0.37569444 | H14: 0.41736111 | I14: 0.47986111 | J14: 0.54236111 | K14: 0.58402778 | L14: 0.64652778 | M14: 0.69166667 | N14: 0.70208333 | O14: 0.75069444 | P14: 0.79791667 | Q14: 0.80486111 | R14: 0.86041667
A15: LERALLA | B15: -26.02917658612082, 28.196411826993103 | C15: 0.24027778 | D15: 0.25069444 | E15: 0.31666667 | F15: 0.36527778 | G15: 0.37916667 | H15: 0.42083333 | I15: 0.48333333 | J15: 0.54583333 | K15: 0.5875 | L15: 0.65 | M15: 0.69513889 | N15: 0.70555556 | O15: 0.75416667 | P15: 0.80138889 | Q15: 0.80902778 | R15: 0.86458333

Sheet LERL-to-GERM_Weekday
A1: Last Updated: | B1: ='GERM-to-LERL_Weekday'!B1 -> 45925 | C1: ='GERM-to-LERL_Weekday'!C1 -> Z2
A2: STATION | B2: COORDINATES | C2: 0500 | D2: 0502 | E2: 0506 | F2: 0504 | G2: 0508 | H2: 0512 | I2: 0510 | J2: 0514 | K2: 0518 | L2: 0520 | M2: 0522 | N2: 0524 | O2: 0530 | P2: 0528 | Q2: 0532 | R2: 0536 | S2: 0534
A3: LERALLA | B3: -26.02917658612082, 28.196411826993103 | C3: 0.15277778 | D3: 0.21180556 | E3: 0.25694444 | F3: 0.27083333 | G3: 0.32291667 | H3: 0.37152778 | I3: 0.38888889 | J3: 0.42708333 | K3: 0.48958333 | L3: 0.55208333 | M3: 0.59375 | N3: 0.65625 | O3: 0.70138889 | P3: 0.71180556 | Q3: 0.76041667 | R3: 0.80555556 | S3: 0.81597222
A4: LIMINDLELA | B4: -26.011188907434516, 28.214689000778122 | C4: 0.15694444 | D4: 0.21458333 | E4: 0.25972222 | F4: 0.27361111 | G4: 0.32569444 | H4: 0.37430556 | I4: 0.39166667 | J4: 0.42986111 | K4: 0.49236111 | L4: 0.55486111 | M4: 0.59652778 | N4: 0.65902778 | O4: 0.70416667 | P4: 0.71458333 | Q4: 0.76319444 | R4: 0.80833333 | S4: 0.81875
A5: TEMBISA | B5: -26.009687133196852, 28.231477162611803 | C5: 0.16111111 | D5: 0.21736111 | E5: 0.2625 | F5: 0.27638889 | G5: 0.32847222 | H5: 0.37708333 | I5: 0.39444444 | J5: 0.43263889 | K5: 0.49513889 | L5: 0.55763889 | M5: 0.59930556 | N5: 0.66180556 | O5: 0.70694444 | P5: 0.71736111 | Q5: 0.76597222 | R5: 0.81111111 | S5: 0.82152778
A6: KAALFONTEIN | B6: -26.03555593578171, 28.25416120912308
A7: BIRCHLEIGH | B7: -26.066977064619714, 28.234569695631336
A8: VAN RIEBEECKPARK | B8: -26.08799580477522, 28.221739995632177
A9: KEMPTON PARK | B9: -26.10627314041378, 28.22733384351009 | C9: 0.17777778 | D9: 0.23333333 | E9: 0.27847222 | F9: 0.29236111 | G9: 0.34444444 | H9: 0.39305556 | I9: 0.41041667 | J9: 0.44861111 | K9: 0.51111111 | L9: 0.57361111 | M9: 0.61527778 | N9: 0.67777778 | O9: 0.72291667 | P9: 0.73333333 | Q9: 0.78194444 | R9: 0.82708333 | S9: 0.8375
A10: RHODESFIELD | B10: -26.126491398917288, 28.22477839248156 | C10: 0.18125 | D10: 0.2375 | E10: 0.28263889 | F10: 0.29652778 | G10: 0.34861111 | H10: 0.39722222 | I10: 0.41458333 | J10: 0.45277778 | K10: 0.51527778 | L10: 0.57777778 | M10: 0.61944444 | N10: 0.68194444 | O10: 0.72708333 | P10: 0.7375 | Q10: 0.78611111 | R10: 0.83125 | S10: 0.84166667
A11: ISANDO | B11: -26.135629334887778, 28.221811980118165
A12: ELANDSFONTEIN | B12: -26.16670702075184, 28.20530291097802
A13: RAVENSKLIP | B13: -26.180916686844835, 28.19981212632109 | C13: 0.18819444 | D13: 0.24583333 | E13: 0.29097222 | F13: 0.30486111 | G13: 0.35694444 | H13: 0.40555556 | I13: 0.42291667 | J13: 0.46111111 | K13: 0.52361111 | L13: 0.58611111 | M13: 0.62777778 | N13: 0.69027778 | O13: 0.73541667 | P13: 0.74583333 | Q13: 0.79444444 | R13: 0.83958333 | S13: 0.85
A14: KNIGHTS | B14: -26.19566598383361, 28.196166697507
A15: GERMISTON | B15: -26.209629310943757, 28.16775038029468 | C15: 0.19791667 | D15: 0.25763889 | E15: 0.30277778 | F15: 0.31666667 | G15: 0.36875 | H15: 0.41736111 | I15: 0.43472222 | J15: 0.47291667 | K15: 0.53541667 | L15: 0.59791667 | M15: 0.63958333 | N15: 0.70208333 | O15: 0.74722222 | P15: 0.75763889 | Q15: 0.80625 | R15: 0.85138889 | S15: 0.86180556

Sheet GERM-to-LERL_Sat
A1: Last Updated: | B1: 45890 | C1: ='GERM-to-LERL_Weekday'!C1 -> Z2
A2: STATION | B2: COORDINATES | C2: 0505 | D2: 0507 | E2: 0509 | F2: 0511 | G2: 0517 | H2: 0519 | I2: 0521 | J2: 0523
A3: GERMISTON | B3: -26.209629310943757, 28.16775038029468 | C3: 0.20833333 | D3: 0.26388889 | E3: 0.31944444 | F3: 0.40277778 | G3: 0.56944444 | H3: 0.65277778 | I3: 0.73611111 | J3: 0.76041667
A4: KNIGHTS | B4: -26.19566598383361, 28.196166697507
A5: RAVENSKLIP | B5: -26.180916686844835, 28.19981212632109 | C5: 0.21944444 | D5: 0.275 | E5: 0.33055556 | F5: 0.41388889 | G5: 0.58055556 | H5: 0.66388889 | I5: 0.74513889 | J5: 0.76944444
A6: ELANDSFONTEIN | B6: -26.16670702075184, 28.20530291097802
A7: ISANDO | B7: -26.135629334887778, 28.221811980118165
A8: RHODESFIELD | B8: -26.126491398917288, 28.22477839248156 | C8: 0.22847222 | D8: 0.28402778 | E8: 0.33958333 | F8: 0.42291667 | G8: 0.58958333 | H8: 0.67291667 | I8: 0.75347222 | J8: 0.77777778
A9: KEMPTON PARK | B9: -26.10627314041378, 28.22733384351009 | C9: 0.23263889 | D9: 0.28819444 | E9: 0.34375 | F9: 0.42708333 | G9: 0.59375 | H9: 0.67708333 | I9: 0.75694444 | J9: 0.78125
A10: VAN RIEBEECKPARK | B10: -26.08799580477522, 28.221739995632177
A11: BIRCHLEIGH | B11: -26.066977064619714, 28.234569695631336
A12: KAALFONTEIN | B12: -26.03555593578171, 28.25416120912308
A13: TEMBISA | B13: -26.009687133196852, 28.231477162611803 | C13: 0.24791667 | D13: 0.30347222 | E13: 0.35902778 | F13: 0.44236111 | G13: 0.60902778 | H13: 0.69236111 | I13: 0.77291667 | J13: 0.79722222
A14: LIMINDLELA | B14: -26.011188907434516, 28.214689000778122 | C14: 0.25069444 | D14: 0.30625 | E14: 0.36180556 | F14: 0.44513889 | G14: 0.61180556 | H14: 0.69513889 | I14: 0.77708333 | J14: 0.80138889
A15: LERALLA | B15: -26.02917658612082, 28.196411826993103 | C15: 0.25416667 | D15: 0.30972222 | E15: 0.36527778 | F15: 0.44861111 | G15: 0.61527778 | H15: 0.69861111 | I15: 0.78125 | J15: 0.80555556

Sheet LERL-to-GERM_Sat
A1: Last Updated: | B1: 45890 | C1: ='GERM-to-LERL_Weekday'!C1 -> Z2
A2: STATION | B2: COORDINATES | C2: 0502 | D2: 0504 | E2: 0506 | F2: 0508 | G2: 0512 | H2: 0514 | I2: 0518 | J2: 0522 | K2: 0524
A3: LERALLA | B3: -26.02917658612082, 28.196411826993103 | C3: 0.15625 | D3: 0.20833333 | E3: 0.26388889 | F3: 0.31944444 | G3: 0.375 | H3: 0.45833333 | I3: 0.625 | J3: 0.70833333 | K3: 0.79166667
A4: LIMINDLELA | B4: -26.011188907434516, 28.214689000778122 | C4: 0.16041667 | D4: 0.21111111 | E4: 0.26666667 | F4: 0.32222222 | G4: 0.37777778 | H4: 0.46111111 | I4: 0.62777778 | J4: 0.71111111 | K4: 0.79583333
A5: TEMBISA | B5: -26.009687133196852, 28.231477162611803 | C5: 0.16458333 | D5: 0.21388889 | E5: 0.26944444 | F5: 0.325 | G5: 0.38055556 | H5: 0.46388889 | I5: 0.63055556 | J5: 0.71388889 | K5: 0.8
A6: KAALFONTEIN | B6: -26.03555593578171, 28.25416120912308
A7: BIRCHLEIGH | B7: -26.066977064619714, 28.234569695631336
A8: VAN RIEBEECKPARK | B8: -26.08799580477522, 28.221739995632177
A9: KEMPTON PARK | B9: -26.10627314041378, 28.22733384351009 | C9: 0.18125 | D9: 0.22986111 | E9: 0.28541667 | F9: 0.34097222 | G9: 0.39652778 | H9: 0.47986111 | I9: 0.64652778 | J9: 0.72986111 | K9: 0.81666667
A10: RHODESFIELD | B10: -26.126491398917288, 28.22477839248156 | C10: 0.18472222 | D10: 0.23402778 | E10: 0.28958333 | F10: 0.34513889 | G10: 0.40069444 | H10: 0.48402778 | I10: 0.65069444 | J10: 0.73402778 | K10: 0.82013889
A11: ISANDO | B11: -26.135629334887778, 28.221811980118165
A12: ELANDSFONTEIN | B12: -26.16670702075184, 28.20530291097802
A13: RAVENSKLIP | B13: -26.180916686844835, 28.19981212632109 | C13: 0.19166667 | D13: 0.24236111 | E13: 0.29791667 | F13: 0.35347222 | G13: 0.40902778 | H13: 0.49236111 | I13: 0.65902778 | J13: 0.74166667 | K13: 0.82708333
A14: KNIGHTS | B14: -26.19566598383361, 28.196166697507
A15: GERMISTON | B15: -26.209629310943757, 28.16775038029468 | C15: 0.20138889 | D15: 0.25416667 | E15: 0.30972222 | F15: 0.36527778 | G15: 0.42083333 | H15: 0.50416667 | I15: 0.67083333 | J15: 0.75347222 | K15: 0.83680556

Sheet PTA-to-DEWIL_Weekday
A1: Last Updated: | B1: 46055 | C1: Z2
A2: STATION | B2: COORDINATES | C2: 4501 | D2: 4503 | E2: 4401 | F2: 4505 | G2: 4403 | H2: 4507 | I2: 4405 | J2: 4509 | K2: 4407 | L2: 4511 | M2: 4409 | N2: 4513 | O2: 4411 | P2: 4515 | Q2: 4413 | R2: 4517 | S2: 4415 | T2: 4519 | U2: 4417 | V2: 4521 | W2: 4419 | X2: 4523 | Y2: 4421 | Z2: 4525 | AA2: 4423 | AB2: 4527 | AC2: 4425 | AD2: 4529 | AE2: 4427 | AF2: 4531 | AG2: 4429 | AH2: 4533
A3: PRETORIA | B3: -25.75864361043285, 28.189866445989118 | E3: 0.21180556 | G3: 0.25347222 | I3: 0.29513889 | K3: 0.33680556 | M3: 0.37847222 | O3: 0.42013889 | Q3: 0.46180556 | S3: 0.50347222 | U3: 0.54513889 | W3: 0.58680556 | Y3: 0.62847222 | AA3: 0.67013889 | AC3: 0.71319444 | AE3: 0.75694444 | AG3: 0.80555556
A4: PRETORIA-B | B4: -25.756676856613193, 28.185038595618654
A5: BARRACKS | B5: -25.755574101903797, 28.179303473039578
A6: PRETORIA WES | B6: -25.75612607001734, 28.167454033423436 | E6: 0.21597222 | G6: 0.25763889 | I6: 0.29930556 | K6: 0.34097222 | M6: 0.38263889 | O6: 0.42430556 | Q6: 0.46597222 | S6: 0.50763889 | U6: 0.54930556 | W6: 0.59097222 | Y6: 0.63263889 | AA6: 0.67430556 | AC6: 0.71736111 | AE6: 0.76111111 | AG6: 0.80972222
A7: MITCHELLSTRAAT | B7: -25.75622307580123, 28.162751428886452
A8: SCHUTTESTRAAT | B8: -25.750415192351678, 28.15981508027586
A9: GOLF | B9: -25.73976641543697, 28.16133154377941
A10: TECHNIKON RANT | B10: -25.732094233731814, 28.167478537946376
A11: HERCULES | B11: -25.724426332570793, 28.16740145328856 | E11: 0.22083333 | G11: 0.2625 | I11: 0.30416667 | K11: 0.34583333 | M11: 0.3875 | O11: 0.42916667 | Q11: 0.47083333 | S11: 0.5125 | U11: 0.55416667 | W11: 0.59583333 | Y11: 0.6375 | AA11: 0.67916667 | AC11: 0.72222222 | AE11: 0.76597222 | AG11: 0.81458333
A12: DASPOORT | B12: -25.71389154994833, 28.16610216678128
A13: MOUNTAIN VIEW | B13: -25.701154966265122, 28.1710407244521 | E13: 0.225 | G13: 0.26666667 | I13: 0.30833333 | K13: 0.35 | M13: 0.39166667 | O13: 0.43333333 | Q13: 0.475 | S13: 0.51666667 | U13: 0.55833333 | W13: 0.6 | Y13: 0.64166667 | AA13: 0.68333333 | AC13: 0.72638889 | AE13: 0.77013889 | AG13: 0.81875
A14: WONDERBOOM | B14: -25.679398283013505, 28.182541636641577
A15: PRETORIA-N | B15: -25.672156912459837, 28.181972182122085 | E15: 0.22916667 | G15: 0.27083333 | I15: 0.3125 | K15: 0.35416667 | M15: 0.39583333 | O15: 0.4375 | Q15: 0.47916667 | S15: 0.52083333 | U15: 0.5625 | W15: 0.60416667 | Y15: 0.64583333 | AA15: 0.6875 | AC15: 0.73055556 | AE15: 0.77430556 | AG15: 0.82291667
A16: WOLMERTON | B16: -25.656754583256834, 28.166308537943245 | E16: 0.23194444 | G16: 0.27361111 | I16: 0.31527778 | K16: 0.35694444 | M16: 0.39861111 | O16: 0.44027778 | Q16: 0.48194444 | S16: 0.52361111 | U16: 0.56527778 | W16: 0.60694444 | Y16: 0.64861111 | AA16: 0.69027778 | AC16: 0.73333333 | AE16: 0.77708333 | AG16: 0.82569444
A17: WINTERSNEST | B17: -25.646665143468105, 28.128664081235527 | E17: 0.23611111 | G17: 0.27777778 | I17: 0.31944444 | K17: 0.36111111 | M17: 0.40277778 | O17: 0.44444444 | Q17: 0.48611111 | S17: 0.52777778 | U17: 0.56944444 | W17: 0.61111111 | Y17: 0.65277778 | AA17: 0.69444444 | AC17: 0.7375 | AE17: 0.78125 | AG17: 0.82986111
A18: ROSSLYN | B18: -25.637700722357806, 28.094920182723996 | C18: 0.18055556 | D18: 0.22222222 | E18: 0.23958333 | F18: 0.26388889 | G18: 0.28125 | H18: 0.30555556 | I18: 0.32291667 | J18: 0.34722222 | K18: 0.36458333 | L18: 0.38888889 | M18: 0.40625 | N18: 0.43055556 | O18: 0.44791667 | P18: 0.47222222 | Q18: 0.48958333 | R18: 0.51388889 | S18: 0.53125 | T18: 0.55555556 | U18: 0.57291667 | V18: 0.59722222 | W18: 0.61458333 | X18: 0.63888889 | Y18: 0.65625 | Z18: 0.68055556 | AA18: 0.69791667 | AB18: 0.72222222 | AC18: 0.74097222 | AD18: 0.76388889 | AE18: 0.78472222 | AF18: 0.80555556 | AG18: 0.83333333 | AH18: 0.84722222
A19: LYNROSS | B19: -25.634315463162178, 28.08215105744163
A20: MEDUNSA | B20: -25.621899788193396, 28.018859666777605
A21: GA-RANKUWA | B21: -25.619463521827942, 27.991787773598496 | C21: 0.18819444 | D21: 0.22986111 | F21: 0.27152778 | H21: 0.31319444 | J21: 0.35486111 | L21: 0.39652778 | N21: 0.43819444 | P21: 0.47986111 | R21: 0.52152778 | T21: 0.56319444 | V21: 0.60486111 | X21: 0.64652778 | Z21: 0.68819444 | AB21: 0.72986111 | AD21: 0.77152778 | AF21: 0.81319444 | AH21: 0.85486111
A22: TAILLARDSHOOP | B22: -25.617806769500547, 27.972401220150644 | C22: 0.19097222 | D22: 0.23263889 | F22: 0.27430556 | H22: 0.31597222 | J22: 0.35763889 | L22: 0.39930556 | N22: 0.44097222 | P22: 0.48263889 | R22: 0.52430556 | T22: 0.56597222 | V22: 0.60763889 | X22: 0.64930556 | Z22: 0.69097222 | AB22: 0.73263889 | AD22: 0.77430556 | AF22: 0.81597222 | AH22: 0.85763889
A23: DE WILDT | B23: -25.624641315648187, 27.944111334913465 | C23: 0.19444444 | D23: 0.23611111 | F23: 0.27777778 | H23: 0.31944444 | J23: 0.36111111 | L23: 0.40277778 | N23: 0.44444444 | P23: 0.48611111 | R23: 0.52777778 | T23: 0.56944444 | V23: 0.61111111 | X23: 0.65277778 | Z23: 0.69444444 | AB23: 0.73611111 | AD23: 0.77777778 | AF23: 0.81944444 | AH23: 0.86111111

Sheet DEWIL-to-PTA_Weekday
A1: Last Updated: | B1: ='PTA-to-DEWIL_Weekday'!B1 -> 46055 | C1: ='PTA-to-DEWIL_Weekday'!C1 -> Z2
A2: STATION | B2: COORDINATES | C2: 4500 | D2: 4400 | E2: 4502 | F2: 4402 | G2: 4504 | H2: 4404 | I2: 4506 | J2: 4406 | K2: 4508 | L2: 4408 | M2: 4510 | N2: 4410 | O2: 4512 | P2: 4412 | Q2: 4514 | R2: 4414 | S2: 4516 | T2: 4416 | U2: 4518 | V2: 4418 | W2: 4520 | X2: 4420 | Y2: 4522 | Z2: 4422 | AA2: 4524 | AB2: 4424 | AC2: 4526 | AD2: 4426 | AE2: 4528 | AF2: 4428 | AG2: 4530 | AH2: 4532
A3: DE WILDT | B3: -25.624641315648187, 27.944111334913465 | C3: 0.15972222 | E3: 0.20138889 | G3: 0.24305556 | I3: 0.28472222 | K3: 0.32638889 | M3: 0.36805556 | O3: 0.40972222 | Q3: 0.45138889 | S3: 0.49305556 | U3: 0.53472222 | W3: 0.57638889 | Y3: 0.61805556 | AA3: 0.65972222 | AC3: 0.70138889 | AE3: 0.74305556 | AG3: 0.78472222 | AH3: 0.82638889
A4: TAILLARDSHOOP | B4: -25.617806769500547, 27.972401220150644 | C4: 0.16319444 | E4: 0.20486111 | G4: 0.24652778 | I4: 0.28819444 | K4: 0.32986111 | M4: 0.37152778 | O4: 0.41319444 | Q4: 0.45486111 | S4: 0.49652778 | U4: 0.53819444 | W4: 0.57986111 | Y4: 0.62152778 | AA4: 0.66319444 | AC4: 0.70486111 | AE4: 0.74652778 | AG4: 0.78819444 | AH4: 0.82986111
A5: GA-RANKUWA | B5: -25.619463521827942, 27.991787773598496 | C5: 0.16527778 | E5: 0.20694444 | G5: 0.24861111 | I5: 0.29027778 | K5: 0.33194444 | M5: 0.37361111 | O5: 0.41527778 | Q5: 0.45694444 | S5: 0.49861111 | U5: 0.54027778 | W5: 0.58194444 | Y5: 0.62361111 | AA5: 0.66527778 | AC5: 0.70694444 | AE5: 0.74861111 | AG5: 0.79027778 | AH5: 0.83194444
A6: MEDUNSA | B6: -25.621899788193396, 28.018859666777605
A7: LYNROSS | B7: -25.634315463162178, 28.08215105744163
A8: ROSSLYN | B8: -25.637700722357806, 28.094920182723996 | C8: 0.17361111 | D8: 0.17708333 | E8: 0.21527778 | F8: 0.21875 | G8: 0.25694444 | H8: 0.26041667 | I8: 0.29861111 | J8: 0.30208333 | K8: 0.34027778 | L8: 0.34375 | M8: 0.38194444 | N8: 0.38541667 | O8: 0.42361111 | P8: 0.42708333 | Q8: 0.46527778 | R8: 0.46875 | S8: 0.50694444 | T8: 0.51041667 | U8: 0.54861111 | V8: 0.55208333 | W8: 0.59027778 | X8: 0.59375 | Y8: 0.63194444 | Z8: 0.63541667 | AA8: 0.67361111 | AB8: 0.67708333 | AC8: 0.71527778 | AD8: 0.72222222 | AE8: 0.75694444 | AF8: 0.76041667 | AG8: 0.79861111 | AH8: 0.84027778
A9: WINTERSNEST | B9: -25.646665143468105, 28.128664081235527 | D9: 0.18055556 | F9: 0.22222222 | H9: 0.26388889 | J9: 0.30555556 | L9: 0.34722222 | N9: 0.38888889 | P9: 0.43055556 | R9: 0.47222222 | T9: 0.51388889 | V9: 0.55555556 | X9: 0.59722222 | Z9: 0.63888889 | AB9: 0.68055556 | AD9: 0.72569444 | AF9: 0.76388889
A10: WOLMERTON | B10: -25.656754583256834, 28.166308537943245 | D10: 0.18472222 | F10: 0.22638889 | H10: 0.26805556 | J10: 0.30972222 | L10: 0.35138889 | N10: 0.39305556 | P10: 0.43472222 | R10: 0.47638889 | T10: 0.51805556 | V10: 0.55972222 | X10: 0.60138889 | Z10: 0.64305556 | AB10: 0.68472222 | AD10: 0.72986111 | AF10: 0.76805556
A11: PRETORIA-N | B11: -25.672156912459837, 28.181972182122085 | D11: 0.1875 | F11: 0.22916667 | H11: 0.27083333 | J11: 0.3125 | L11: 0.35416667 | N11: 0.39583333 | P11: 0.4375 | R11: 0.47916667 | T11: 0.52083333 | V11: 0.5625 | X11: 0.60416667 | Z11: 0.64583333 | AB11: 0.6875 | AD11: 0.73263889 | AF11: 0.77083333
A12: WONDERBOOM | B12: -25.679398283013505, 28.182541636641577
A13: MOUNTAIN VIEW | B13: -25.701154966265122, 28.1710407244521 | D13: 0.19236111 | F13: 0.23402778 | H13: 0.27569444 | J13: 0.31736111 | L13: 0.35902778 | N13: 0.40069444 | P13: 0.44236111 | R13: 0.48402778 | T13: 0.52569444 | V13: 0.56736111 | X13: 0.60902778 | Z13: 0.65069444 | AB13: 0.69236111 | AD13: 0.7375 | AF13: 0.77569444
A14: DASPOORT | B14: -25.71389154994833, 28.16610216678128
A15: HERCULES | B15: -25.724426332570793, 28.16740145328856 | D15: 0.19583333 | F15: 0.2375 | H15: 0.27916667 | J15: 0.32083333 | L15: 0.3625 | N15: 0.40416667 | P15: 0.44583333 | R15: 0.4875 | T15: 0.52916667 | V15: 0.57083333 | X15: 0.6125 | Z15: 0.65416667 | AB15: 0.69583333 | AD15: 0.74097222 | AF15: 0.77916667
A16: TECHNIKON RANT | B16: -25.732094233731814, 28.167478537946376
A17: GOLF | B17: -25.73976641543697, 28.16133154377941
A18: SCHUTTESTRAAT | B18: -25.750415192351678, 28.15981508027586
A19: MITCHELLSTRAAT | B19: -25.75622307580123, 28.162751428886452
A20: PRETORIA WES | B20: -25.75612607001734, 28.167454033423436 | D20: 0.20069444 | F20: 0.24236111 | H20: 0.28402778 | J20: 0.32569444 | L20: 0.36736111 | N20: 0.40902778 | P20: 0.45069444 | R20: 0.49236111 | T20: 0.53402778 | V20: 0.57569444 | X20: 0.61736111 | Z20: 0.65902778 | AB20: 0.70069444 | AD20: 0.74583333 | AF20: 0.78402778
A21: BARRACKS | B21: -25.755574101903797, 28.179303473039578
A22: PRETORIA-B | B22: -25.756676856613193, 28.185038595618654
A23: PRETORIA | B23: -25.75864361043285, 28.189866445989118 | D23: 0.20486111 | F23: 0.24652778 | H23: 0.28819444 | J23: 0.32986111 | L23: 0.37152778 | N23: 0.41319444 | P23: 0.45486111 | R23: 0.49652778 | T23: 0.53819444 | V23: 0.57986111 | X23: 0.62152778 | Z23: 0.66319444 | AB23: 0.70486111 | AD23: 0.75 | AF23: 0.78819444

Sheet PTA-to-DEWIL_Sat
A1: Last Updated: | B1: 45345 | C1: ='PTA-to-DEWIL_Weekday'!C1 -> Z2
A2: STATION | B2: COORDINATES | C2: 4401 | D2: 4403 | E2: 4419 | F2: 4421
A3: PRETORIA | B3: -25.75864361043285, 28.189866445989118 | C3: 0.25694444 | D3: 0.38194444 | E3: 0.62847222 | F3: 0.78472222
A4: PRETORIA-B | B4: -25.756676856613193, 28.185038595618654
A5: BARRACKS | B5: -25.755574101903797, 28.179303473039578
A6: PRETORIA WES | B6: -25.75612607001734, 28.167454033423436 | C6: 0.26111111 | D6: 0.38611111 | E6: 0.63263889 | F6: 0.78888889
A7: MITCHELLSTRAAT | B7: -25.75622307580123, 28.162751428886452
A8: SCHUTTESTRAAT | B8: -25.750415192351678, 28.15981508027586
A9: GOLF | B9: -25.73976641543697, 28.16133154377941
A10: TECHNIKON RANT | B10: -25.732094233731814, 28.167478537946376
A11: HERCULES | B11: -25.724426332570793, 28.16740145328856 | C11: 0.26527778 | D11: 0.39027778 | E11: 0.63680556 | F11: 0.79305556
A12: DASPOORT | B12: -25.71389154994833, 28.16610216678128
A13: MOUNTAIN VIEW | B13: -25.701154966265122, 28.1710407244521 | C13: 0.26944444 | D13: 0.39444444 | E13: 0.64097222 | F13: 0.79722222
A14: WONDERBOOM | B14: -25.679398283013505, 28.182541636641577
A15: PRETORIA-N | B15: -25.672156912459837, 28.181972182122085 | C15: 0.27361111 | D15: 0.39861111 | E15: 0.64513889 | F15: 0.80138889
A16: WOLMERTON | B16: -25.656754583256834, 28.166308537943245 | C16: 0.27708333 | D16: 0.40208333 | E16: 0.64861111 | F16: 0.80486111
A17: WINTERSNEST | B17: -25.646665143468105, 28.128664081235527 | C17: 0.28125 | D17: 0.40625 | E17: 0.65277778 | F17: 0.80902778
A18: ROSSLYN | B18: -25.637700722357806, 28.094920182723996 | C18: 0.28402778 | D18: 0.40902778 | E18: 0.65555556 | F18: 0.81180556
A19: LYNROSS | B19: -25.634315463162178, 28.08215105744163
A20: MEDUNSA | B20: -25.621899788193396, 28.018859666777605
A21: GA-RANKUWA | B21: -25.619463521827942, 27.991787773598496 | C21: 0.29236111 | D21: 0.41736111 | E21: 0.66388889 | F21: 0.82013889
A22: TAILLARDSHOOP | B22: -25.617806769500547, 27.972401220150644 | C22: 0.29513889 | D22: 0.42013889 | E22: 0.66666667 | F22: 0.82291667
A23: DE WILDT | B23: -25.624641315648187, 27.944111334913465 | C23: 0.29861111 | D23: 0.42361111 | E23: 0.67013889 | F23: 0.82638889

Sheet DEWIL-to-PTA_Sat
A1: Last Updated: | B1: 45345 | C1: ='PTA-to-DEWIL_Weekday'!C1 -> Z2
A2: STATION | B2: COORDINATES | C2: 4400 | D2: 4402 | E2: 4420
A3: DE WILDT | B3: -25.624641315648187, 27.944111334913465 | C3: 0.19444444 | D3: 0.3125 | E3: 0.68402778
A4: TAILLARDSHOOP | B4: -25.617806769500547, 27.972401220150644 | C4: 0.19791667 | D4: 0.31597222 | E4: 0.6875
A5: GA-RANKUWA | B5: -25.619463521827942, 27.991787773598496 | C5: 0.2 | D5: 0.31805556 | E5: 0.68958333
A6: MEDUNSA | B6: -25.621899788193396, 28.018859666777605
A7: LYNROSS | B7: -25.634315463162178, 28.08215105744163
A8: ROSSLYN | B8: -25.637700722357806, 28.094920182723996 | C8: 0.20833333 | D8: 0.32638889 | E8: 0.69791667
A9: WINTERSNEST | B9: -25.646665143468105, 28.128664081235527 | C9: 0.21180556 | D9: 0.32986111 | E9: 0.70138889
A10: WOLMERTON | B10: -25.656754583256834, 28.166308537943245 | C10: 0.21597222 | D10: 0.33402778 | E10: 0.70555556
A11: PRETORIA-N | B11: -25.672156912459837, 28.181972182122085 | C11: 0.21875 | D11: 0.33680556 | E11: 0.70833333
A12: WONDERBOOM | B12: -25.679398283013505, 28.182541636641577
A13: MOUNTAIN VIEW | B13: -25.701154966265122, 28.1710407244521 | C13: 0.22361111 | D13: 0.34166667 | E13: 0.71319444
A14: DASPOORT | B14: -25.71389154994833, 28.16610216678128
A15: HERCULES | B15: -25.724426332570793, 28.16740145328856 | C15: 0.22708333 | D15: 0.34513889 | E15: 0.71666667
A16: TECHNIKON RANT | B16: -25.732094233731814, 28.167478537946376
A17: GOLF | B17: -25.73976641543697, 28.16133154377941
A18: SCHUTTESTRAAT | B18: -25.750415192351678, 28.15981508027586
A19: MITCHELLSTRAAT | B19: -25.75622307580123, 28.162751428886452
A20: PRETORIA WES | B20: -25.75612607001734, 28.167454033423436 | C20: 0.23194444 | D20: 0.35 | E20: 0.72152778
A21: BARRACKS | B21: -25.755574101903797, 28.179303473039578
A22: PRETORIA-B | B22: -25.756676856613193, 28.185038595618654
A23: PRETORIA | B23: -25.75864361043285, 28.189866445989118 | C23: 0.23611111 | D23: 0.35416667 | E23: 0.72569444

Sheet PTA-to-IRENE_Weekday
A1: Last Updated: | B1: 45831 | C1: Z1
A2: STATION | B2: COORDINATES | C2: 0624 | D2: 0626 | E2: 0628 | F2: 0630 | G2: 0632 | H2: 0634 | I2: 0636 | J2: 0638 | K2: 0640 | L2: 0642 | M2: 0644 | N2: 0646
A3: PRETORIA | B3: -25.75864361043285, 28.189866445989118 | C3: 0.22222222 | D3: 0.27083333 | E3: 0.31944444 | F3: 0.37152778 | G3: 0.42013889 | H3: 0.46875 | I3: 0.51736111 | J3: 0.56597222 | K3: 0.61458333 | L3: 0.66319444 | M3: 0.71180556 | N3: 0.76041667
A4: FONTEINE | B4: -25.78377087728504, 28.1932784
A5: KLOOFSIG | B5: -25.81354583485274, 28.201211703182715
A6: SPORTPARK | B6: -25.82467276464524, 28.20570286536511 | C6: 0.23055556 | D6: 0.27916667 | E6: 0.32777778 | F6: 0.37986111 | G6: 0.42847222 | H6: 0.47708333 | I6: 0.52569444 | J6: 0.57430556 | K6: 0.62291667 | L6: 0.67152778 | M6: 0.72013889 | N6: 0.76875
A7: CENTURION | B7: -25.83486600288455, 28.210815277978245 | C7: 0.23333333 | D7: 0.28194444 | E7: 0.33055556 | F7: 0.38263889 | G7: 0.43125 | H7: 0.47986111 | I7: 0.52847222 | J7: 0.57708333 | K7: 0.62569444 | L7: 0.67430556 | M7: 0.72291667 | N7: 0.77152778
A8: IRENE | B8: -25.875543329741795, 28.22408282846379 | C8: 0.23958333 | D8: 0.28819444 | E8: 0.33680556 | F8: 0.38888889 | G8: 0.4375 | H8: 0.48611111 | I8: 0.53472222 | J8: 0.58333333 | K8: 0.63194444 | L8: 0.68055556 | M8: 0.72916667 | N8: 0.77777778

Sheet IRENE-to-PTA_Weekday
A1: Last Updated: | B1: ='PTA-to-IRENE_Weekday'!B1 -> 45831 | C1: ='PTA-to-IRENE_Weekday'!C1 -> Z1
A2: STATION | B2: COORDINATES | C2: 0625 | D2: 0627 | E2: 0629 | F2: 0631 | G2: 0633 | H2: 0635 | I2: 0637 | J2: 0639 | K2: 0641 | L2: 0643 | M2: 0645 | N2: 0647
A3: IRENE | B3: -25.875543329741795, 28.22408282846379 | C3: 0.24652778 | D3: 0.29513889 | E3: 0.34375 | F3: 0.39583333 | G3: 0.44444444 | H3: 0.49305556 | I3: 0.54166667 | J3: 0.59027778 | K3: 0.63888889 | L3: 0.6875 | M3: 0.73611111 | N3: 0.78472222
A4: CENTURION | B4: -25.83486600288455, 28.210815277978245 | C4: 0.25277778 | D4: 0.30138889 | E4: 0.35 | F4: 0.40208333 | G4: 0.45069444 | H4: 0.49930556 | I4: 0.54791667 | J4: 0.59652778 | K4: 0.64513889 | L4: 0.69375 | M4: 0.74236111 | N4: 0.79097222
A5: SPORTPARK | B5: -25.82467276464524, 28.20570286536511 | C5: 0.25555556 | D5: 0.30416667 | E5: 0.35277778 | F5: 0.40486111 | G5: 0.45347222 | H5: 0.50208333 | I5: 0.55069444 | J5: 0.59930556 | K5: 0.64791667 | L5: 0.69652778 | M5: 0.74513889 | N5: 0.79375
A6: KLOOFSIG | B6: -25.81354583485274, 28.201211703182715
A7: FONTEINE | B7: -25.78377087728504, 28.1932784
A8: PRETORIA | B8: -25.75864361043285, 28.189866445989118 | C8: 0.26388889 | D8: 0.3125 | E8: 0.36111111 | F8: 0.41319444 | G8: 0.46180556 | H8: 0.51041667 | I8: 0.55902778 | J8: 0.60763889 | K8: 0.65625 | L8: 0.70486111 | M8: 0.75347222 | N8: 0.80208333

Sheet PTA-to-IRENE_Sat
A1: Last Updated: | B1: Unspecified | C1: ='PTA-to-IRENE_Weekday'!C1 -> Z1
A2: STATION | B2: COORDINATES | C2: 0624 | D2: 0626 | E2: 0628 | F2: 0640 | G2: 0642 | H2: 0644 | I2: 0646
A3: PRETORIA | B3: -25.75864361043285, 28.189866445989118 | C3: 0.25 | D3: 0.29861111 | E3: 0.35069444 | F3: 0.62847222 | G3: 0.67708333 | H3: 0.72569444 | I3: 0.77430556
A4: FONTEINE | B4: -25.78377087728504, 28.1932784
A5: KLOOFSIG | B5: -25.81354583485274, 28.201211703182715
A6: SPORTPARK | B6: -25.82467276464524, 28.20570286536511 | C6: 0.25833333 | D6: 0.30694444 | E6: 0.35902778 | F6: 0.63680556 | G6: 0.68541667 | H6: 0.73402778 | I6: 0.78263889
A7: CENTURION | B7: -25.83486600288455, 28.210815277978245 | C7: 0.26111111 | D7: 0.30972222 | E7: 0.36180556 | F7: 0.63958333 | G7: 0.68819444 | H7: 0.73680556 | I7: 0.78541667
A8: IRENE | B8: -25.875543329741795, 28.22408282846379 | C8: 0.26736111 | D8: 0.31597222 | E8: 0.36805556 | F8: 0.64583333 | G8: 0.69444444 | H8: 0.74305556 | I8: 0.79166667

Sheet IRENE-to-PTA_Sat
A1: Last Updated: | B1: ='PTA-to-IRENE_Sat'!B1 -> Unspecified | C1: ='PTA-to-IRENE_Weekday'!C1 -> Z1
A2: STATION | B2: COORDINATES | C2: 0625 | D2: 0627 | E2: 0629 | F2: 0641 | G2: 0643 | H2: 0645
A3: IRENE | B3: -25.875543329741795, 28.22408282846379 | C3: 0.27430556 | D3: 0.32291667 | E3: 0.375 | F3: 0.65277778 | G3: 0.70138889 | H3: 0.75
A4: CENTURION | B4: -25.83486600288455, 28.210815277978245 | C4: 0.28055556 | D4: 0.32916667 | E4: 0.38125 | F4: 0.65902778 | G4: 0.70763889 | H4: 0.75625
A5: SPORTPARK | B5: -25.82467276464524, 28.20570286536511 | C5: 0.28333333 | D5: 0.33194444 | E5: 0.38402778 | F5: 0.66180556 | G5: 0.71041667 | H5: 0.75902778
A6: KLOOFSIG | B6: -25.81354583485274, 28.201211703182715
A7: FONTEINE | B7: -25.78377087728504, 28.1932784
A8: PRETORIA | B8: -25.75864361043285, 28.189866445989118 | C8: 0.29166667 | D8: 0.34027778 | E8: 0.39236111 | F8: 0.67013889 | G8: 0.71875 | H8: 0.76736111

Sheet JHB-to-GERM_Weekday
A1: Last Updated: | B1: 45974 | C1: Z1
A2: STATION | B2: COORDINATES | C2: 6503 | D2: 6505 | E2: 6509 | F2: 6513 | G2: 6515 | H2: 6517 | I2: 6525 | J2: 6531 | K2: 6535 | L2: 6539 | M2: 6545 | N2: 6543 | O2: 6549 | P2: 6547 | Q2: 6553 | R2: 6555 | S2: 6557
A3: JOHANNESBURG | B3: -26.19744781552406, 28.042341453307994 | C3: 0.20833333 | D3: 0.23611111 | E3: 0.26388889 | F3: 0.29513889 | G3: 0.31944444 | H3: 0.35069444 | I3: 0.40555556 | J3: 0.46041667 | K3: 0.51527778 | L3: 0.57013889 | M3: 0.625 | N3: 0.65277778 | O3: 0.68055556 | P3: 0.70833333 | Q3: 0.73611111 | R3: 0.77430556 | S3: 0.79166667
A4: DOORNFONTEIN | B4: -26.19692478075003, 28.054170880294237
A5: ELLIS PARK | B5: -26.198718312467125, 28.059031479241852
A6: JEPPE | B6: -26.203925808444886, 28.06346159144729 | C6: 0.21319444 | D6: 0.24097222 | E6: 0.26875 | F6: 0.3 | G6: 0.32430556 | H6: 0.35555556 | I6: 0.41041667 | J6: 0.46527778 | K6: 0.52013889 | L6: 0.575 | M6: 0.62986111 | N6: 0.65763889 | O6: 0.68541667 | P6: 0.71319444 | Q6: 0.74097222 | R6: 0.77916667 | S6: 0.79652778
A7: GEORGE GOCH | B7: -26.207362180909303, 28.08040019563714
A8: DENVER | B8: -26.20565353546564, 28.09711574417819
A9: TOORONGA | B9: -26.203940084237757, 28.110387300000003
A10: CLEVELAND | B10: -26.20833436358959, 28.11835882447283
A11: GELDENHUIS | B11: -26.20778570409101, 28.132917922623346
A12: DRIEHOEK | B12: -26.21349039399697, 28.14960493666655 | C12: 0.225 | D12: 0.25277778 | E12: 0.28055556 | F12: 0.31180556 | G12: 0.33611111 | H12: 0.36666667 | I12: 0.42152778 | J12: 0.47638889 | K12: 0.53125 | L12: 0.58611111 | M12: 0.64097222 | N12: 0.66944444 | O12: 0.69722222 | P12: 0.725 | Q12: 0.75277778 | R12: 0.79097222 | S12: 0.80833333
A13: PRESIDENT | B13: -26.211589161672503, 28.159915894140354
A14: GERMISTON | B14: -26.209629310943757, 28.16775038029468 | C14: 0.23055556 | D14: 0.25833333 | E14: 0.28611111 | F14: 0.31736111 | G14: 0.34166667 | H14: 0.37222222 | I14: 0.42708333 | J14: 0.48194444 | K14: 0.53680556 | L14: 0.59166667 | M14: 0.64652778 | N14: 0.675 | O14: 0.70277778 | P14: 0.73055556 | Q14: 0.75833333 | R14: 0.79652778 | S14: 0.81388889

Sheet GERM-to-JHB_Weekday
A1: Last Updated: | B1: ='JHB-to-GERM_Weekday'!B1 -> 45974 | C1: ='JHB-to-GERM_Weekday'!C1 -> Z1
A2: STATION | B2: COORDINATES | C2: 6500 | D2: 6504 | E2: 6506 | F2: 6508 | G2: 6512 | H2: 6514 | I2: 6518 | J2: 6522 | K2: 6528 | L2: 6532 | M2: 6536 | N2: 6542 | O2: 6544 | P2: 6546 | Q2: 6548 | R2: 6550 | S2: 6552 | T2: 6554
A3: GERMISTON | B3: -26.209629310943757, 28.16775038029468 | C3: 0.20833333 | D3: 0.23611111 | E3: 0.26736111 | F3: 0.29166667 | G3: 0.32291667 | H3: 0.34722222 | I3: 0.37777778 | J3: 0.43263889 | K3: 0.4875 | L3: 0.54236111 | M3: 0.59722222 | N3: 0.65277778 | O3: 0.68055556 | P3: 0.70833333 | Q3: 0.74652778 | R3: 0.76388889 | S3: 0.80208333 | T3: 0.82291667
A4: PRESIDENT | B4: -26.211589161672503, 28.159915894140354
A5: DRIEHOEK | B5: -26.21349039399697, 28.14960493666655 | C5: 0.21319444 | D5: 0.24097222 | E5: 0.27222222 | F5: 0.29652778 | G5: 0.32777778 | H5: 0.35208333 | I5: 0.38263889 | J5: 0.4375 | K5: 0.49236111 | L5: 0.54722222 | M5: 0.60208333 | N5: 0.65763889 | O5: 0.68541667 | P5: 0.71319444 | Q5: 0.75138889 | R5: 0.76875 | S5: 0.80694444 | T5: 0.82777778
A6: GELDENHUIS | B6: -26.20778570409101, 28.132917922623346
A7: CLEVELAND | B7: -26.20833436358959, 28.11835882447283
A8: TOORONGA | B8: -26.203940084237757, 28.110387300000003
A9: DENVER | B9: -26.20565353546564, 28.09711574417819
A10: GEORGE GOCH | B10: -26.207362180909303, 28.08040019563714
A11: JEPPE | B11: -26.203925808444886, 28.06346159144729 | C11: 0.22430556 | D11: 0.25208333 | E11: 0.28333333 | F11: 0.30694444 | G11: 0.33888889 | H11: 0.36319444 | I11: 0.39375 | J11: 0.44861111 | K11: 0.50347222 | L11: 0.55833333 | M11: 0.61319444 | N11: 0.66875 | O11: 0.69652778 | P11: 0.72430556 | Q11: 0.7625 | R11: 0.77986111 | S11: 0.81805556 | T11: 0.83888889
A12: ELLIS PARK | B12: -26.198718312467125, 28.059031479241852
A13: DOORNFONTEIN | B13: -26.19692478075003, 28.054170880294237
A14: JOHANNESBURG | B14: -26.19744781552406, 28.042341453307994 | C14: 0.23055556 | D14: 0.25833333 | E14: 0.28958333 | F14: 0.31319444 | G14: 0.34513889 | H14: 0.36944444 | I14: 0.4 | J14: 0.45486111 | K14: 0.50972222 | L14: 0.56458333 | M14: 0.61944444 | N14: 0.675 | O14: 0.70277778 | P14: 0.73055556 | Q14: 0.76875 | R14: 0.78611111 | S14: 0.82430556 | T14: 0.84513889

Sheet JHB-to-GERM_Sat
A1: Last Updated: | B1: Unspecified | C1: ='JHB-to-GERM_Weekday'!C1 -> Z1
A2: STATION | B2: COORDINATES | C2: 6505 | D2: 6513 | E2: 6517 | F2: 6519 | G2: 6547 | H2: 6551 | I2: 6555
A3: JOHANNESBURG | B3: -26.19744781552406, 28.042341453307994 | C3: 0.23611111 | D3: 0.29166667 | E3: 0.34722222 | F3: 0.43402778 | G3: 0.65277778 | H3: 0.70833333 | I3: 0.79166667
A4: DOORNFONTEIN | B4: -26.19692478075003, 28.054170880294237
A5: ELLIS PARK | B5: -26.198718312467125, 28.059031479241852
A6: JEPPE | B6: -26.203925808444886, 28.06346159144729 | C6: =C3+TIME(0,7,0) -> 0.24097222 | D6: =D3+TIME(0,7,0) -> 0.29652778 | E6: =E3+TIME(0,7,0) -> 0.35208333 | F6: =F3+TIME(0,7,0) -> 0.43888889 | G6: =G3+TIME(0,7,0) -> 0.65763889 | H6: =H3+TIME(0,7,0) -> 0.71319444 | I6: =I3+TIME(0,7,0) -> 0.79652778
A7: GEORGE GOCH | B7: -26.207362180909303, 28.08040019563714
A8: DENVER | B8: -26.20565353546564, 28.09711574417819
A9: TOORONGA | B9: -26.203940084237757, 28.110387300000003
A10: CLEVELAND | B10: -26.20833436358959, 28.11835882447283
A11: GELDENHUIS | B11: -26.20778570409101, 28.132917922623346
A12: DRIEHOEK | B12: -26.21349039399697, 28.14960493666655 | C12: 0.25208333 | D12: 0.30763889 | E12: 0.36319444 | F12: 0.45 | G12: 0.66875 | H12: 0.72430556 | I12: 0.80763889
A13: PRESIDENT | B13: -26.211589161672503, 28.159915894140354
A14: GERMISTON | B14: -26.209629310943757, 28.16775038029468 | C14: 0.25833333 | D14: 0.31388889 | E14: 0.36944444 | F14: 0.45625 | G14: 0.675 | H14: 0.73055556 | I14: 0.81388889

Sheet GERM-to-JHB_Sat
A1: Last Updated: | B1: ='JHB-to-GERM_Sat'!B1 -> Unspecified | C1: ='JHB-to-GERM_Weekday'!C1 -> Z1
A2: STATION | B2: COORDINATES | C2: 6500 | D2: 6506 | E2: 6512 | F2: 6514 | G2: 6540 | H2: 6544 | I2: 6548
A3: GERMISTON | B3: -26.209629310943757, 28.16775038029468 | C3: 0.20833333 | D3: 0.26388889 | E3: 0.31944444 | F3: 0.40277778 | G3: 0.625 | H3: 0.68055556 | I3: 0.76388889
A4: PRESIDENT | B4: -26.211589161672503, 28.159915894140354
A5: DRIEHOEK | B5: -26.21349039399697, 28.14960493666655 | C5: 0.21319444 | D5: 0.26875 | E5: 0.32430556 | F5: 0.40763889 | G5: 0.62986111 | H5: 0.68541667 | I5: 0.76875
A6: GELDENHUIS | B6: -26.20778570409101, 28.132917922623346
A7: CLEVELAND | B7: -26.20833436358959, 28.11835882447283
A8: TOORONGA | B8: -26.203940084237757, 28.110387300000003
A9: DENVER | B9: -26.20565353546564, 28.09711574417819
A10: GEORGE GOCH | B10: -26.207362180909303, 28.08040019563714
A11: JEPPE | B11: -26.203925808444886, 28.06346159144729 | C11: =C14-TIME(0,7,0) -> 0.22569444 | D11: =D14-TIME(0,7,0) -> 0.28125 | E11: =E14-TIME(0,7,0) -> 0.33680556 | F11: =F14-TIME(0,7,0) -> 0.42013889 | G11: =G14-TIME(0,7,0) -> 0.64236111 | H11: =H14-TIME(0,7,0) -> 0.69791667 | I11: =I14-TIME(0,7,0) -> 0.78125
A12: ELLIS PARK | B12: -26.198718312467125, 28.059031479241852
A13: DOORNFONTEIN | B13: -26.19692478075003, 28.054170880294237
A14: JOHANNESBURG | B14: -26.19744781552406, 28.042341453307994 | C14: 0.23055556 | D14: 0.28611111 | E14: 0.34166667 | F14: 0.425 | G14: 0.64722222 | H14: 0.70277778 | I14: 0.78611111

Sheet PTA-to-KEMP_Weekday
A1: Last Updated: | B1: 45922 | C1: Z3
A2: STATION | B2: COORDINATES | C2: 0604 | D2: 0616 | E2: 0618 (Tue-Thu Only) | F2: 0620 | G2: 0622 | H2: 0654
A3: PRETORIA | B3: -25.75864361043285, 28.189866445989118 | C3: 0.23611111 | D3: 0.34722222 | E3: 0.45486111 | F3: 0.60069444 | G3: 0.70138889 | H3: 0.80555556
A4: FONTEINE | B4: -25.783934589307606, 28.193278224251035
A5: KLOOFSIG | B5: -25.81354583485274, 28.201211703182715
A6: SPORTPARK | B6: -25.82467276464524, 28.20570286536511 | C6: 0.24375 | D6: 0.35486111 | E6: 0.4625 | F6: 0.60833333 | G6: 0.70902778 | H6: 0.81319444
A7: CENTURION | B7: -25.83486600288455, 28.210815277978245 | C7: 0.24652778 | D7: 0.35763889 | E7: 0.46527778 | F7: 0.61111111 | G7: 0.71180556 | H7: 0.81597222
A8: IRENE | B8: -25.875543329741795, 28.22408282846379 | C8: 0.25208333 | D8: 0.36319444 | E8: 0.47083333 | F8: 0.61666667 | G8: 0.71736111 | H8: 0.82152778
A9: PINEDENE | B9: -25.913781667224402, 28.228800685979607
A10: OLIFANTSFONTEIN | B10: -25.964142125962706, 28.235515817897813 | C10: 0.26111111 | D10: 0.37222222 | E10: 0.47986111 | F10: 0.62569444 | G10: 0.72638889 | H10: 0.83055556
A11: OAKMOOR | B11: -26.00579639391282, 28.248566233475742 | C11: 0.26666667 | D11: 0.37777778 | E11: 0.48541667 | F11: 0.63125 | G11: 0.73194444 | H11: 0.83611111
A12: KAALFONTEIN | B12: -26.03555593578171, 28.25416120912308
A13: BIRCHLEIGH | B13: -26.066977064619714, 28.234569695631336
A14: VAN RIEBEECKPARK | B14: -26.08799580477522, 28.221739995632177
A15: KEMPTON PARK | B15: -26.10627314041378, 28.22733384351009 | C15: 0.27777778 | D15: 0.38888889 | E15: 0.49652778 | F15: 0.64236111 | G15: 0.74305556 | H15: 0.84722222
A16: RHODESFIELD | B16: -26.127779713576295, 28.22489605946647 | H16: 0.85486111
A17: ELANDSFONTEIN | B17: -26.16687928991135, 28.20526073136343 | H17: 0.85902778

Sheet KEMP-to-PTA_Weekday
A1: Last Updated: | B1: ='PTA-to-KEMP_Weekday'!B1 -> 45922 | C1: ='PTA-to-KEMP_Weekday'!C1 -> Z3
A2: STATION | B2: COORDINATES | C2: 0603 | D2: 0615 | E2: 0617 | F2: 0619 (Tue-Thu Only) | G2: 0621 | H2: 0623
A3: ELANDSFONTEIN | B3: -26.16687928991135, 28.20526073136343 | C3: 0.17361111
A4: RHODESFIELD | B4: -26.127779713576295, 28.22489605946647 | C4: 0.17847222
A5: KEMPTON PARK | B5: -26.10627314041378, 28.22733384351009 | C5: 0.18125 | D5: 0.29861111 | E5: 0.40625 | F5: 0.52777778 | G5: 0.64930556 | H5: 0.75347222
A6: VAN RIEBEECKPARK | B6: -26.08799580477522, 28.221739995632177
A7: BIRCHLEIGH | B7: -26.066977064619714, 28.234569695631336
A8: KAALFONTEIN | B8: -26.03555593578171, 28.25416120912308
A9: OAKMOOR | B9: -26.00579639391282, 28.248566233475742 | C9: 0.19305556 | D9: 0.31041667 | E9: 0.41805556 | F9: 0.53958333 | G9: 0.66111111 | H9: 0.76527778
A10: OLIFANTSFONTEIN | B10: -25.964142125962706, 28.235515817897813 | C10: 0.19861111 | D10: 0.31597222 | E10: 0.42361111 | F10: 0.54513889 | G10: 0.66666667 | H10: 0.77083333
A11: PINEDENE | B11: -25.913781667224402, 28.228800685979607
A12: IRENE | B12: -25.875543329741795, 28.22408282846379 | C12: 0.20694444 | D12: 0.32430556 | E12: 0.43194444 | F12: 0.55347222 | G12: 0.675 | H12: 0.77916667
A13: CENTURION | B13: -25.83486600288455, 28.210815277978245 | C13: 0.21319444 | D13: 0.33055556 | E13: 0.43819444 | F13: 0.55972222 | G13: 0.68125 | H13: 0.78541667
A14: SPORTPARK | B14: -25.82467276464524, 28.20570286536511 | C14: 0.21527778 | D14: 0.33263889 | E14: 0.44027778 | F14: 0.56180556 | G14: 0.68333333 | H14: 0.7875
A15: KLOOFSIG | B15: -25.81354583485274, 28.201211703182715
A16: FONTEINE | B16: -25.783934589307606, 28.193278224251035
A17: PRETORIA | B17: -25.75864361043285, 28.189866445989118 | C17: 0.22291667 | D17: 0.34027778 | E17: 0.44791667 | F17: 0.56944444 | G17: 0.69097222 | H17: 0.79513889

Sheet PTA-to-KEMP_Sat
A1: Last Updated: | B1: 45913 | C1: ='PTA-to-KEMP_Weekday'!C1 -> Z3
A2: STATION | B2: COORDINATES | C2: 0604 | D2: 0606 | E2: 0608 | F2: 0610
A3: PRETORIA | B3: -25.75864361043285, 28.189866445989118 | C3: 0.24652778 | D3: 0.34722222 | E3: 0.59722222 | F3: 0.75694444
A4: FONTEINE | B4: -25.783934589307606, 28.193278224251035
A5: KLOOFSIG | B5: -25.81354583485274, 28.201211703182715
A6: SPORTPARK | B6: -25.82467276464524, 28.20570286536511 | C6: 0.25416667 | D6: 0.35486111 | E6: 0.60486111 | F6: 0.76458333
A7: CENTURION | B7: -25.83486600288455, 28.210815277978245 | C7: 0.25694444 | D7: 0.35763889 | E7: 0.60763889 | F7: 0.76736111
A8: IRENE | B8: -25.875543329741795, 28.22408282846379 | C8: 0.2625 | D8: 0.36319444 | E8: 0.61319444 | F8: 0.77291667
A9: PINEDENE | B9: -25.913781667224402, 28.228800685979607
A10: OLIFANTSFONTEIN | B10: -25.964142125962706, 28.235515817897813 | C10: 0.27152778 | D10: 0.37222222 | E10: 0.62222222 | F10: 0.78194444
A11: OAKMOOR | B11: -26.00579639391282, 28.248566233475742 | C11: 0.27708333 | D11: 0.37777778 | E11: 0.62777778 | F11: 0.7875
A12: KAALFONTEIN | B12: -26.03555593578171, 28.25416120912308
A13: BIRCHLEIGH | B13: -26.066977064619714, 28.234569695631336
A14: VAN RIEBEECKPARK | B14: -26.08799580477522, 28.221739995632177
A15: KEMPTON PARK | B15: -26.10627314041378, 28.22733384351009 | C15: 0.28819444 | D15: 0.38888889 | E15: 0.63888889 | F15: 0.79861111

Sheet KEMP-to-PTA_Sat
A1: Last Updated: | B1: ='PTA-to-KEMP_Sat'!B1 -> 45913 | C1: ='PTA-to-KEMP_Weekday'!C1 -> Z3
A2: STATION | B2: COORDINATES | C2: 0603 | D2: 0605 | E2: 0607 | F2: 0609
A3: KEMPTON PARK | B3: -26.10627314041378, 28.22733384351009 | C3: 0.18819444 | D3: 0.29861111 | E3: 0.43402778 | F3: 0.70833333
A4: VAN RIEBEECKPARK | B4: -26.08799580477522, 28.221739995632177
A5: BIRCHLEIGH | B5: -26.066977064619714, 28.234569695631336
A6: KAALFONTEIN | B6: -26.03555593578171, 28.25416120912308
A7: OAKMOOR | B7: -26.00579639391282, 28.248566233475742 | C7: 0.2 | D7: 0.31041667 | E7: 0.44583333 | F7: 0.72013889
A8: OLIFANTSFONTEIN | B8: -25.964142125962706, 28.235515817897813 | C8: 0.20555556 | D8: 0.31597222 | E8: 0.45138889 | F8: 0.72569444
A9: PINEDENE | B9: -25.913781667224402, 28.228800685979607
A10: IRENE | B10: -25.875543329741795, 28.22408282846379 | C10: 0.21388889 | D10: 0.32430556 | E10: 0.45972222 | F10: 0.73402778
A11: CENTURION | B11: -25.83486600288455, 28.210815277978245 | C11: 0.22013889 | D11: 0.33055556 | E11: 0.46597222 | F11: 0.74027778
A12: SPORTPARK | B12: -25.82467276464524, 28.20570286536511 | C12: 0.22222222 | D12: 0.33263889 | E12: 0.46805556 | F12: 0.74236111
A13: KLOOFSIG | B13: -25.81354583485274, 28.201211703182715
A14: FONTEINE | B14: -25.783934589307606, 28.193278224251035
A15: PRETORIA | B15: -25.75864361043285, 28.189866445989118 | C15: 0.22986111 | D15: 0.34027778 | E15: 0.47569444 | F15: 0.75

Sheet PTA-to-SAUL_Weekday
A1: Last Updated: | B1: 46051 | C1: Z1
A2: STATION | B2: COORDINATES | C2: 0003 | D2: 0005 | E2: 0007 | F2: 0009 | G2: 0011 | H2: 0013 | I2: 0015 | J2: 0017 | K2: 0019 | L2: 0021 | M2: 0023 | N2: 0025 | O2: 0027 | P2: 0029 | Q2: 0031 | R2: 0043 | S2: 0041 | T2: 0045 | U2: 0047 | V2: 0049 | W2: 0051 | X2: 0053 | Y2: 0055 | Z2: 0059 | AA2: 0039 | AB2: 0061 | AC2: 0063 | AD2: 0065 | AE2: 0067 | AF2: 0069 | AG2: 0071 | AH2: 0073 | AI2: 0075 | AJ2: 0079 | AK2: 0081 | AL2: 0083 | AM2: 0085 | AN2: 0087 | AO2: 0089 | AP2: 0091 | AQ2: 0093 | AR2: 0095 | AS2: 0097 | AT2: 0099
A3: PRETORIA | B3: -25.75864361043285, 28.189866445989118 | C3: 0.21875 | D3: 0.22847222 | E3: 0.2375 | F3: 0.24791667 | G3: 0.25833333 | H3: 0.26736111 | I3: 0.27708333 | J3: 0.28611111 | K3: 0.29652778 | L3: 0.30694444 | M3: 0.31597222 | N3: 0.32569444 | O3: 0.33472222 | P3: 0.34513889 | Q3: 0.35555556 | R3: 0.38333333 | S3: 0.40833333 | T3: 0.43194444 | U3: 0.45694444 | V3: 0.48055556 | W3: 0.50555556 | X3: 0.52916667 | Y3: 0.55416667 | Z3: 0.57777778 | AA3: 0.60277778 | AB3: 0.62638889 | AC3: 0.63680556 | AD3: 0.64722222 | AE3: 0.65625 | AF3: 0.66597222 | AG3: 0.675 | AH3: 0.68541667 | AI3: 0.69583333 | AJ3: 0.70486111 | AK3: 0.71458333 | AL3: 0.72361111 | AM3: 0.73402778 | AN3: 0.74444444 | AO3: 0.75347222 | AP3: 0.76319444 | AQ3: 0.77222222 | AR3: 0.78263889 | AS3: 0.79236111 | AT3: 0.80902778
A4: PRETORIA-B | B4: -25.756676856613193, 28.185038595618654
A5: BARRACKS | B5: -25.755574101903797, 28.179303473039578
A6: PRETORIA WES | B6: -25.75612607001734, 28.167454033423436 | C6: 0.22222222 | D6: 0.23194444 | E6: 0.24097222 | F6: 0.25138889 | G6: 0.26180556 | H6: 0.27083333 | I6: 0.28055556 | J6: 0.28958333 | K6: 0.3 | L6: 0.31041667 | M6: 0.31944444 | N6: 0.32916667 | O6: 0.33819444 | P6: 0.34861111 | Q6: 0.35902778 | R6: 0.38680556 | S6: 0.41180556 | T6: 0.43541667 | U6: 0.46041667 | V6: 0.48402778 | W6: 0.50902778 | X6: 0.53263889 | Y6: 0.55763889 | Z6: 0.58125 | AA6: 0.60625 | AB6: 0.62986111 | AC6: 0.64027778 | AD6: 0.65069444 | AE6: 0.65972222 | AF6: 0.66944444 | AG6: 0.67847222 | AH6: 0.68888889 | AI6: 0.69930556 | AJ6: 0.70833333 | AK6: 0.71805556 | AL6: 0.72708333 | AM6: 0.7375 | AN6: 0.74791667 | AO6: 0.75694444 | AP6: 0.76666667 | AQ6: 0.77569444 | AR6: 0.78611111 | AS6: 0.79583333 | AT6: 0.8125
A7: MITCHELLSTRAAT | B7: -25.75622307580123, 28.162751428886452
A8: REBECCA | B8: -25.758140068440945, 28.153531689466263 | C8: 0.225 | D8: 0.23472222 | E8: 0.24375 | F8: 0.25416667 | G8: 0.26458333 | H8: 0.27361111 | I8: 0.28333333 | J8: 0.29236111 | K8: 0.30277778 | L8: 0.31319444 | M8: 0.32222222 | N8: 0.33194444 | O8: 0.34097222 | P8: 0.35138889 | Q8: 0.36180556 | R8: 0.38958333 | S8: 0.41458333 | T8: 0.43819444 | U8: 0.46319444 | V8: 0.48680556 | W8: 0.51180556 | X8: 0.53541667 | Y8: 0.56041667 | Z8: 0.58402778 | AA8: 0.60902778 | AB8: 0.63263889 | AC8: 0.64305556 | AD8: 0.65347222 | AE8: 0.6625 | AF8: 0.67222222 | AG8: 0.68125 | AH8: 0.69166667 | AI8: 0.70208333 | AJ8: 0.71111111 | AK8: 0.72083333 | AL8: 0.72986111 | AM8: 0.74027778 | AN8: 0.75069444 | AO8: 0.75972222 | AP8: 0.76944444 | AQ8: 0.77847222 | AR8: 0.78888889 | AS8: 0.79861111 | AT8: 0.81527778
A9: ELECTRO | B9: -25.761019788942832, 28.14543245780906 | C9: 0.22638889 | D9: 0.23611111 | E9: 0.24513889 | F9: 0.25555556 | G9: 0.26597222 | H9: 0.275 | I9: 0.28472222 | J9: 0.29375 | K9: 0.30416667 | L9: 0.31458333 | M9: 0.32361111 | N9: 0.33333333 | O9: 0.34236111 | P9: 0.35277778 | Q9: 0.36319444 | R9: 0.39097222 | S9: 0.41597222 | T9: 0.43958333 | U9: 0.46458333 | V9: 0.48819444 | W9: 0.51319444 | X9: 0.53680556 | Y9: 0.56180556 | Z9: 0.58541667 | AA9: 0.61041667 | AB9: 0.63402778 | AC9: 0.64444444 | AD9: 0.65486111 | AE9: 0.66388889 | AF9: 0.67361111 | AG9: 0.68263889 | AH9: 0.69305556 | AI9: 0.70347222 | AJ9: 0.7125 | AK9: 0.72222222 | AL9: 0.73125 | AM9: 0.74166667 | AN9: 0.75208333 | AO9: 0.76111111 | AP9: 0.77083333 | AQ9: 0.77986111 | AR9: 0.79027778 | AS9: 0.8 | AT9: 0.81666667
A10: COR DELFOS | B10: -25.766926398225326, 28.132950724454595 | C10: 0.22847222 | D10: 0.23819444 | E10: 0.24722222 | F10: 0.25763889 | G10: 0.26805556 | H10: 0.27708333 | I10: 0.28680556 | J10: 0.29583333 | K10: 0.30625 | L10: 0.31666667 | M10: 0.32569444 | N10: 0.33541667 | O10: 0.34444444 | P10: 0.35486111 | Q10: 0.36527778 | R10: 0.39305556 | S10: 0.41805556 | T10: 0.44166667 | U10: 0.46666667 | V10: 0.49027778 | W10: 0.51527778 | X10: 0.53888889 | Y10: 0.56388889 | Z10: 0.5875 | AA10: 0.6125 | AB10: 0.63611111 | AC10: 0.64652778 | AD10: 0.65694444 | AE10: 0.66597222 | AF10: 0.67569444 | AG10: 0.68472222 | AH10: 0.69513889 | AI10: 0.70555556 | AJ10: 0.71458333 | AK10: 0.72430556 | AL10: 0.73333333 | AM10: 0.74375 | AN10: 0.75416667 | AO10: 0.76319444 | AP10: 0.77291667 | AQ10: 0.78194444 | AR10: 0.79236111 | AS10: 0.80208333 | AT10: 0.81875
A11: KALAFONG | B11: -25.760158250653994, 28.088193742988445 | C11: 0.23263889 | D11: 0.24236111 | E11: 0.25138889 | F11: 0.26180556 | G11: 0.27222222 | H11: 0.28125 | I11: 0.29097222 | J11: 0.3 | K11: 0.31041667 | L11: 0.32083333 | M11: 0.32986111 | N11: 0.33958333 | O11: 0.34861111 | P11: 0.35902778 | Q11: 0.36944444 | R11: 0.39722222 | S11: 0.42222222 | T11: 0.44583333 | U11: 0.47083333 | V11: 0.49444444 | W11: 0.51944444 | X11: 0.54305556 | Y11: 0.56805556 | Z11: 0.59166667 | AA11: 0.61666667 | AB11: 0.64027778 | AC11: 0.65069444 | AD11: 0.66111111 | AE11: 0.67013889 | AF11: 0.67986111 | AG11: 0.68888889 | AH11: 0.69930556 | AI11: 0.70972222 | AJ11: 0.71875 | AK11: 0.72847222 | AL11: 0.7375 | AM11: 0.74791667 | AN11: 0.75833333 | AO11: 0.76736111 | AP11: 0.77708333 | AQ11: 0.78611111 | AR11: 0.79652778 | AS11: 0.80625 | AT11: 0.82291667
A12: ATTERIDGEVILLE | B12: -25.76284784698717, 28.07501926678321 | C12: 0.23402778 | D12: 0.24375 | E12: 0.25277778 | F12: 0.26319444 | G12: 0.27361111 | H12: 0.28263889 | I12: 0.29236111 | J12: 0.30138889 | K12: 0.31180556 | L12: 0.32222222 | M12: 0.33125 | N12: 0.34097222 | O12: 0.35 | P12: 0.36041667 | Q12: 0.37083333 | R12: 0.39861111 | S12: 0.42361111 | T12: 0.44722222 | U12: 0.47222222 | V12: 0.49583333 | W12: 0.52083333 | X12: 0.54444444 | Y12: 0.56944444 | Z12: 0.59305556 | AA12: 0.61805556 | AB12: 0.64166667 | AC12: 0.65208333 | AD12: 0.6625 | AE12: 0.67152778 | AF12: 0.68125 | AG12: 0.69027778 | AH12: 0.70069444 | AI12: 0.71111111 | AJ12: 0.72013889 | AK12: 0.72986111 | AL12: 0.73888889 | AM12: 0.74930556 | AN12: 0.75972222 | AO12: 0.76875 | AP12: 0.77847222 | AQ12: 0.7875 | AR12: 0.79791667 | AS12: 0.80763889 | AT12: 0.82430556
A13: SAULSVILLE | B13: -25.76414387754825, 28.06212905285695 | C13: 0.23611111 | D13: 0.24583333 | E13: 0.25486111 | F13: 0.26527778 | G13: 0.27569444 | H13: 0.28472222 | I13: 0.29444444 | J13: 0.30347222 | K13: 0.31388889 | L13: 0.32430556 | M13: 0.33333333 | N13: 0.34305556 | O13: 0.35208333 | P13: 0.3625 | Q13: 0.37291667 | R13: 0.40069444 | S13: 0.42569444 | T13: 0.44930556 | U13: 0.47430556 | V13: 0.49791667 | W13: 0.52291667 | X13: 0.54652778 | Y13: 0.57152778 | Z13: 0.59513889 | AA13: 0.62013889 | AB13: 0.64375 | AC13: 0.65416667 | AD13: 0.66458333 | AE13: 0.67361111 | AF13: 0.68333333 | AG13: 0.69236111 | AH13: 0.70277778 | AI13: 0.71319444 | AJ13: 0.72222222 | AK13: 0.73194444 | AL13: 0.74097222 | AM13: 0.75138889 | AN13: 0.76180556 | AO13: 0.77083333 | AP13: 0.78055556 | AQ13: 0.78958333 | AR13: 0.8 | AS13: 0.80972222 | AT13: 0.82638889

Sheet SAUL-to-PTA_Weekday
A1: Last Updated: | B1: ='PTA-to-SAUL_Weekday'!B1 -> 46051 | C1: ='PTA-to-SAUL_Weekday'!C1 -> Z1
A2: STATION | B2: COORDINATES | C2: 0002 | D2: 0004 | E2: 0006 | F2: 0008 | G2: 0010 | H2: 0012 | I2: 0014 | J2: 0016 | K2: 0018 | L2: 0020 | M2: 0022 | N2: 0024 | O2: 0026 | P2: 0028 | Q2: 0030 | R2: 0032 | S2: 0034 | T2: 0036 | U2: 0038 | V2: 0040 | W2: 0044 | X2: 0046 | Y2: 0048 | Z2: 0050 | AA2: 0052 | AB2: 0054 | AC2: 0056 | AD2: 0058 | AE2: 0060 | AF2: 0062 | AG2: 0072 | AH2: 0074 | AI2: 0076 | AJ2: 0078 | AK2: 0080 | AL2: 0082 | AM2: 0084 | AN2: 0086 | AO2: 0088 | AP2: 0090 | AQ2: 0092 | AR2: 0094 | AS2: 0096 | AT2: 0098
A3: SAULSVILLE | B3: -25.76414387754825, 28.06212905285695 | C3: 0.19444444 | D3: 0.20416667 | E3: 0.21319444 | F3: 0.22361111 | G3: 0.23402778 | H3: 0.24305556 | I3: 0.25277778 | J3: 0.26180556 | K3: 0.27222222 | L3: 0.28263889 | M3: 0.29166667 | N3: 0.30138889 | O3: 0.31041667 | P3: 0.32083333 | Q3: 0.33125 | R3: 0.34027778 | S3: 0.35 | T3: 0.35902778 | U3: 0.36944444 | V3: 0.37986111 | W3: 0.40763889 | X3: 0.43263889 | Y3: 0.45625 | Z3: 0.48125 | AA3: 0.50486111 | AB3: 0.52986111 | AC3: 0.55347222 | AD3: 0.57847222 | AE3: 0.60208333 | AF3: 0.63194444 | AG3: 0.65069444 | AH3: 0.66111111 | AI3: 0.67152778 | AJ3: 0.68055556 | AK3: 0.69027778 | AL3: 0.69930556 | AM3: 0.70972222 | AN3: 0.72013889 | AO3: 0.72916667 | AP3: 0.73888889 | AQ3: 0.74791667 | AR3: 0.75833333 | AS3: 0.76875 | AT3: 0.77777778
A4: ATTERIDGEVILLE | B4: -25.76284784698717, 28.07501926678321 | C4: 0.19652778 | D4: 0.20625 | E4: 0.21527778 | F4: 0.22569444 | G4: 0.23611111 | H4: 0.24513889 | I4: 0.25486111 | J4: 0.26388889 | K4: 0.27430556 | L4: 0.28472222 | M4: 0.29375 | N4: 0.30347222 | O4: 0.3125 | P4: 0.32291667 | Q4: 0.33333333 | R4: 0.34236111 | S4: 0.35208333 | T4: 0.36111111 | U4: 0.37152778 | V4: 0.38194444 | W4: 0.40972222 | X4: 0.43472222 | Y4: 0.45833333 | Z4: 0.48333333 | AA4: 0.50694444 | AB4: 0.53194444 | AC4: 0.55555556 | AD4: 0.58055556 | AE4: 0.60416667 | AF4: 0.63402778 | AG4: 0.65277778 | AH4: 0.66319444 | AI4: 0.67361111 | AJ4: 0.68263889 | AK4: 0.69236111 | AL4: 0.70138889 | AM4: 0.71180556 | AN4: 0.72222222 | AO4: 0.73125 | AP4: 0.74097222 | AQ4: 0.75 | AR4: 0.76041667 | AS4: 0.77083333 | AT4: 0.77986111
A5: KALAFONG | B5: -25.760158250653994, 28.088193742988445 | C5: 0.19791667 | D5: 0.20763889 | E5: 0.21666667 | F5: 0.22708333 | G5: 0.2375 | H5: 0.24652778 | I5: 0.25625 | J5: 0.26527778 | K5: 0.27569444 | L5: 0.28611111 | M5: 0.29513889 | N5: 0.30486111 | O5: 0.31388889 | P5: 0.32430556 | Q5: 0.33472222 | R5: 0.34375 | S5: 0.35347222 | T5: 0.3625 | U5: 0.37291667 | V5: 0.38333333 | W5: 0.41111111 | X5: 0.43611111 | Y5: 0.45972222 | Z5: 0.48472222 | AA5: 0.50833333 | AB5: 0.53333333 | AC5: 0.55694444 | AD5: 0.58194444 | AE5: 0.60555556 | AF5: 0.63541667 | AG5: 0.65416667 | AH5: 0.66458333 | AI5: 0.675 | AJ5: 0.68402778 | AK5: 0.69375 | AL5: 0.70277778 | AM5: 0.71319444 | AN5: 0.72361111 | AO5: 0.73263889 | AP5: 0.74236111 | AQ5: 0.75138889 | AR5: 0.76180556 | AS5: 0.77222222 | AT5: 0.78125
A6: COR DELFOS | B6: -25.766926398225326, 28.132950724454595 | C6: 0.20277778 | D6: 0.2125 | E6: 0.22152778 | F6: 0.23194444 | G6: 0.24236111 | H6: 0.25138889 | I6: 0.26111111 | J6: 0.27013889 | K6: 0.28055556 | L6: 0.29097222 | M6: 0.3 | N6: 0.30972222 | O6: 0.31875 | P6: 0.32916667 | Q6: 0.33958333 | R6: 0.34861111 | S6: 0.35833333 | T6: 0.36736111 | U6: 0.37777778 | V6: 0.38819444 | W6: 0.41597222 | X6: 0.44097222 | Y6: 0.46458333 | Z6: 0.48958333 | AA6: 0.51319444 | AB6: 0.53819444 | AC6: 0.56180556 | AD6: 0.58680556 | AE6: 0.61041667 | AF6: 0.64027778 | AG6: 0.65902778 | AH6: 0.66944444 | AI6: 0.67986111 | AJ6: 0.68888889 | AK6: 0.69861111 | AL6: 0.70763889 | AM6: 0.71805556 | AN6: 0.72847222 | AO6: 0.7375 | AP6: 0.74722222 | AQ6: 0.75625 | AR6: 0.76666667 | AS6: 0.77708333 | AT6: 0.78611111
A7: ELECTRO | B7: -25.761019788942832, 28.14543245780906 | C7: 0.20416667 | D7: 0.21388889 | E7: 0.22291667 | F7: 0.23333333 | G7: 0.24375 | H7: 0.25277778 | I7: 0.2625 | J7: 0.27152778 | K7: 0.28194444 | L7: 0.29236111 | M7: 0.30138889 | N7: 0.31111111 | O7: 0.32013889 | P7: 0.33055556 | Q7: 0.34097222 | R7: 0.35 | S7: 0.35972222 | T7: 0.36875 | U7: 0.37916667 | V7: 0.38958333 | W7: 0.41736111 | X7: 0.44236111 | Y7: 0.46597222 | Z7: 0.49097222 | AA7: 0.51458333 | AB7: 0.53958333 | AC7: 0.56319444 | AD7: 0.58819444 | AE7: 0.61180556 | AF7: 0.64166667 | AG7: 0.66041667 | AH7: 0.67083333 | AI7: 0.68125 | AJ7: 0.69027778 | AK7: 0.7 | AL7: 0.70902778 | AM7: 0.71944444 | AN7: 0.72986111 | AO7: 0.73888889 | AP7: 0.74861111 | AQ7: 0.75763889 | AR7: 0.76805556 | AS7: 0.77847222 | AT7: 0.7875
A8: REBECCA | B8: -25.758140068440945, 28.153531689466263 | C8: 0.20555556 | D8: 0.21527778 | E8: 0.22430556 | F8: 0.23472222 | G8: 0.24513889 | H8: 0.25416667 | I8: 0.26388889 | J8: 0.27291667 | K8: 0.28333333 | L8: 0.29375 | M8: 0.30277778 | N8: 0.3125 | O8: 0.32152778 | P8: 0.33194444 | Q8: 0.34236111 | R8: 0.35138889 | S8: 0.36111111 | T8: 0.37013889 | U8: 0.38055556 | V8: 0.39097222 | W8: 0.41875 | X8: 0.44375 | Y8: 0.46736111 | Z8: 0.49236111 | AA8: 0.51597222 | AB8: 0.54097222 | AC8: 0.56458333 | AD8: 0.58958333 | AE8: 0.61319444 | AF8: 0.64305556 | AG8: 0.66180556 | AH8: 0.67222222 | AI8: 0.68263889 | AJ8: 0.69166667 | AK8: 0.70138889 | AL8: 0.71041667 | AM8: 0.72083333 | AN8: 0.73125 | AO8: 0.74027778 | AP8: 0.75 | AQ8: 0.75902778 | AR8: 0.76944444 | AS8: 0.77986111 | AT8: 0.78888889
A9: MITCHELLSTRAAT | B9: -25.75622307580123, 28.162751428886452
A10: PRETORIA WES | B10: -25.75612607001734, 28.167454033423436 | C10: 0.20833333 | D10: 0.21805556 | E10: 0.22708333 | F10: 0.2375 | G10: 0.24791667 | H10: 0.25694444 | I10: 0.26666667 | J10: 0.27569444 | K10: 0.28611111 | L10: 0.29652778 | M10: 0.30555556 | N10: 0.31527778 | O10: 0.32430556 | P10: 0.33472222 | Q10: 0.34513889 | R10: 0.35416667 | S10: 0.36388889 | T10: 0.37291667 | U10: 0.38333333 | V10: 0.39375 | W10: 0.42152778 | X10: 0.44652778 | Y10: 0.47013889 | Z10: 0.49513889 | AA10: 0.51875 | AB10: 0.54375 | AC10: 0.56736111 | AD10: 0.59236111 | AE10: 0.61597222 | AF10: 0.64583333 | AG10: 0.66458333 | AH10: 0.675 | AI10: 0.68541667 | AJ10: 0.69444444 | AK10: 0.70416667 | AL10: 0.71319444 | AM10: 0.72361111 | AN10: 0.73402778 | AO10: 0.74305556 | AP10: 0.75277778 | AQ10: 0.76180556 | AR10: 0.77222222 | AS10: 0.78263889 | AT10: 0.79166667
A11: BARRACKS | B11: -25.755574101903797, 28.179303473039578
A12: PRETORIA-B | B12: -25.756676856613193, 28.185038595618654
A13: PRETORIA | B13: -25.75864361043285, 28.189866445989118 | C13: 0.21180556 | D13: 0.22152778 | E13: 0.23055556 | F13: 0.24097222 | G13: 0.25138889 | H13: 0.26041667 | I13: 0.27013889 | J13: 0.27916667 | K13: 0.28958333 | L13: 0.3 | M13: 0.30902778 | N13: 0.31875 | O13: 0.32777778 | P13: 0.33819444 | Q13: 0.34861111 | R13: 0.35763889 | S13: 0.36736111 | T13: 0.37638889 | U13: 0.38680556 | V13: 0.39722222 | W13: 0.425 | X13: 0.45 | Y13: 0.47361111 | Z13: 0.49861111 | AA13: 0.52222222 | AB13: 0.54722222 | AC13: 0.57083333 | AD13: 0.59583333 | AE13: 0.61944444 | AF13: 0.64930556 | AG13: 0.66805556 | AH13: 0.67847222 | AI13: 0.68888889 | AJ13: 0.69791667 | AK13: 0.70763889 | AL13: 0.71666667 | AM13: 0.72708333 | AN13: 0.7375 | AO13: 0.74652778 | AP13: 0.75625 | AQ13: 0.76527778 | AR13: 0.77569444 | AS13: 0.78611111 | AT13: 0.79513889

Sheet PTA-to-SAUL_Sat
A1: Last Updated: | B1: 45885 | C1: ='PTA-to-SAUL_Weekday'!C1 -> Z1
A2: STATION | B2: COORDINATES | C2: 0003 | D2: 0005 | E2: 0007 | F2: 0009 | G2: 0025 | H2: 0027 | I2: 0029
A3: PRETORIA | B3: -25.75864361043285, 28.189866445989118 | C3: 0.21875 | D3: 0.26736111 | E3: 0.31597222 | F3: 0.36458333 | G3: 0.62708333 | H3: 0.69791667 | I3: 0.77430556
A4: PRETORIA-B | B4: -25.756676856613193, 28.185038595618654
A5: BARRACKS | B5: -25.755574101903797, 28.179303473039578
A6: PRETORIA WES | B6: -25.75612607001734, 28.167454033423436 | C6: 0.22222222 | D6: 0.27083333 | E6: 0.31944444 | F6: 0.36805556 | G6: 0.63055556 | H6: 0.70138889 | I6: 0.77777778
A7: MITCHELLSTRAAT | B7: -25.75622307580123, 28.162751428886452
A8: REBECCA | B8: -25.758140068440945, 28.153531689466263 | C8: 0.225 | D8: 0.27361111 | E8: 0.32222222 | F8: 0.37083333 | G8: 0.63333333 | H8: 0.70416667 | I8: 0.78055556
A9: ELECTRO | B9: -25.761019788942832, 28.14543245780906 | C9: 0.22638889 | D9: 0.275 | E9: 0.32361111 | F9: 0.37222222 | G9: 0.63472222 | H9: 0.70555556 | I9: 0.78194444
A10: COR DELFOS | B10: -25.766926398225326, 28.132950724454595 | C10: 0.22847222 | D10: 0.27708333 | E10: 0.32569444 | F10: 0.37430556 | G10: 0.63680556 | H10: 0.70763889 | I10: 0.78402778
A11: KALAFONG | B11: -25.760158250653994, 28.088193742988445 | C11: 0.23263889 | D11: 0.28125 | E11: 0.32986111 | F11: 0.37847222 | G11: 0.64097222 | H11: 0.71180556 | I11: 0.78819444
A12: ATTERIDGEVILLE | B12: -25.76284784698717, 28.07501926678321 | C12: 0.23402778 | D12: 0.28263889 | E12: 0.33125 | F12: 0.37986111 | G12: 0.64236111 | H12: 0.71319444 | I12: 0.78958333
A13: SAULSVILLE | B13: -25.76414387754825, 28.06212905285695 | C13: 0.23611111 | D13: 0.28472222 | E13: 0.33333333 | F13: 0.38194444 | G13: 0.64444444 | H13: 0.71527778 | I13: 0.79166667

Sheet SAUL-to-PTA_Sat
A1: Last Updated: | B1: ='PTA-to-SAUL_Sat'!B1 -> 45885 | C1: ='PTA-to-SAUL_Weekday'!C1 -> Z1
A2: STATION | B2: COORDINATES | C2: 0002 | D2: 0004 | E2: 0006 | F2: 0008 | G2: 0010 | H2: 0026 | I2: 0028
A3: SAULSVILLE | B3: -25.76414387754825, 28.06212905285695 | C3: 0.19444444 | D3: 0.24305556 | E3: 0.29166667 | F3: 0.34027778 | G3: 0.38888889 | H3: 0.65277778 | I3: 0.72222222
A4: ATTERIDGEVILLE | B4: -25.76284784698717, 28.07501926678321 | C4: 0.19652778 | D4: 0.24513889 | E4: 0.29375 | F4: 0.34236111 | G4: 0.39097222 | H4: 0.65486111 | I4: 0.72430556
A5: KALAFONG | B5: -25.760158250653994, 28.088193742988445 | C5: 0.19791667 | D5: 0.24652778 | E5: 0.29513889 | F5: 0.34375 | G5: 0.39236111 | H5: 0.65625 | I5: 0.72569444
A6: COR DELFOS | B6: -25.766926398225326, 28.132950724454595 | C6: 0.20277778 | D6: 0.25138889 | E6: 0.3 | F6: 0.34861111 | G6: 0.39722222 | H6: 0.66111111 | I6: 0.73055556
A7: ELECTRO | B7: -25.761019788942832, 28.14543245780906 | C7: 0.20416667 | D7: 0.25277778 | E7: 0.30138889 | F7: 0.35 | G7: 0.39861111 | H7: 0.6625 | I7: 0.73194444
A8: REBECCA | B8: -25.758140068440945, 28.153531689466263 | C8: 0.20555556 | D8: 0.25416667 | E8: 0.30277778 | F8: 0.35138889 | G8: 0.4 | H8: 0.66388889 | I8: 0.73333333
A9: MITCHELLSTRAAT | B9: -25.75622307580123, 28.162751428886452
A10: PRETORIA WES | B10: -25.75612607001734, 28.167454033423436 | C10: 0.20833333 | D10: 0.25694444 | E10: 0.30555556 | F10: 0.35416667 | G10: 0.40277778 | H10: 0.66666667 | I10: 0.73611111
A11: BARRACKS | B11: -25.755574101903797, 28.179303473039578
A12: PRETORIA-B | B12: -25.756676856613193, 28.185038595618654
A13: PRETORIA | B13: -25.75864361043285, 28.189866445989118 | C13: 0.21180556 | D13: 0.26041667 | E13: 0.30902778 | F13: 0.35763889 | G13: 0.40625 | H13: 0.67013889 | I13: 0.73958333

Sheet MAB-to-BELLE_Weekday
A1: Last Updated: | B1: 46055 | C1: Z2
A2: STATION | B2: COORDINATES | C2: 0800 | D2: 0802 | E2: 0804 | F2: 0806 | G2: 0808 | H2: 0810 | I2: 0812 | J2: 0822 | K2: 0814 | L2: 0824 | M2: 0816 | N2: 0818
A3: MABOPANE | B3: -25.495963167301053, 28.089659387779985 | C3: 0.17708333 | D3: 0.22569444 | E3: 0.27430556 | F3: 0.32291667 | G3: 0.37291667 | H3: 0.41875 | I3: 0.47013889 | J3: 0.51597222 | K3: 0.56736111 | L3: 0.61319444 | M3: 0.66875 | N3: 0.71180556
A4: SOSHANGUVE | B4: -25.520916877100483, 28.082831418476943
A5: KOPANONG | B5: -25.581315356478292, 28.0903223133063 | C5: 0.18611111 | D5: 0.23472222 | E5: 0.28333333 | F5: 0.33194444 | G5: 0.38194444 | H5: 0.42777778 | I5: 0.47916667 | J5: 0.525 | K5: 0.57638889 | L5: 0.62222222 | M5: 0.67777778 | N5: 0.72083333
A6: AKASIABOOM | B6: -25.62343788217021, 28.107351095613126 | C6: 0.19027778 | D6: 0.23888889 | E6: 0.2875 | F6: 0.33611111 | G6: 0.38611111 | H6: 0.43194444 | I6: 0.48333333 | J6: 0.52916667 | K6: 0.58055556 | L6: 0.62638889 | M6: 0.68194444 | N6: 0.725
A7: WINTERSNEST | B7: -25.646665143468105, 28.128664081235527 | C7: 0.19583333 | D7: 0.24444444 | E7: 0.29305556 | F7: 0.34166667 | G7: 0.39166667 | H7: 0.4375 | I7: 0.48888889 | J7: 0.53472222 | K7: 0.58611111 | L7: 0.63194444 | M7: 0.6875 | N7: 0.73055556
A8: WOLMERTON | B8: -25.656754583256834, 28.166308537943245 | C8: 0.2 | D8: 0.24861111 | E8: 0.29722222 | F8: 0.34583333 | G8: 0.39583333 | H8: 0.44166667 | I8: 0.49305556 | J8: 0.53888889 | K8: 0.59027778 | L8: 0.63611111 | M8: 0.69166667 | N8: 0.73472222
A9: PRETORIA-N | B9: -25.672156912459837, 28.181972182122085 | C9: 0.20277778 | D9: 0.25138889 | E9: 0.3 | F9: 0.34861111 | G9: 0.39861111 | H9: 0.44444444 | I9: 0.49583333 | J9: 0.54166667 | K9: 0.59305556 | L9: 0.63888889 | M9: 0.69444444 | N9: 0.7375
A10: WONDERBOOM | B10: -25.679398283013505, 28.182541636641577
A11: MOUNTAIN VIEW | B11: -25.701154966265122, 28.1710407244521 | C11: 0.20833333 | D11: 0.25694444 | E11: 0.30555556 | F11: 0.35416667 | G11: 0.40416667 | H11: 0.45 | I11: 0.50138889 | J11: 0.54722222 | K11: 0.59861111 | L11: 0.64444444 | M11: 0.7 | N11: 0.74305556
A12: DASPOORT | B12: -25.71389154994833, 28.16610216678128
A13: HERCULES | B13: -25.724426332570793, 28.16740145328856 | C13: 0.21180556 | D13: 0.26041667 | E13: 0.30902778 | F13: 0.35763889 | G13: 0.40763889 | H13: 0.45347222 | I13: 0.50486111 | J13: 0.55069444 | K13: 0.60208333 | L13: 0.64791667 | M13: 0.70347222 | N13: 0.74652778
A14: BELLE-OMBRE | B14: -25.73740468957095, 28.178914335051033 | C14: 0.21875 | D14: 0.26736111 | E14: 0.31597222 | F14: 0.36458333 | G14: 0.41458333 | H14: 0.46041667 | I14: 0.51180556 | J14: 0.55763889 | K14: 0.60902778 | L14: 0.65486111 | M14: 0.71041667 | N14: 0.75347222

Sheet BELLE-to-MAB_Weekday
A1: Last Updated: | B1: ='MAB-to-BELLE_Weekday'!B1 -> 46055 | C1: ='MAB-to-BELLE_Weekday'!C1 -> Z2
A2: STATION | B2: COORDINATES | C2: 0801 | D2: 0803 | E2: 0805 | F2: 0807 | G2: 0809 | H2: 0821 | I2: 0811 | J2: 0823 | K2: 0813 | L2: 0815 | M2: 0817 | N2: 0819
A3: BELLE-OMBRE | B3: -25.73740468957095, 28.178914335051033 | C3: 0.22430556 | D3: 0.27291667 | E3: 0.32152778 | F3: 0.37013889 | G3: 0.42152778 | H3: 0.46736111 | I3: 0.51875 | J3: 0.56458333 | K3: 0.61597222 | L3: 0.66319444 | M3: 0.71527778 | N3: 0.76388889
A4: HERCULES | B4: -25.724426332570793, 28.16740145328856 | C4: 0.22847222 | D4: 0.27708333 | E4: 0.32569444 | F4: 0.37430556 | G4: 0.42569444 | H4: 0.47152778 | I4: 0.52291667 | J4: 0.56875 | K4: 0.62013889 | L4: 0.66736111 | M4: 0.71944444 | N4: 0.76805556
A5: DASPOORT | B5: -25.71389154994833, 28.16610216678128
A6: MOUNTAIN VIEW | B6: -25.701154966265122, 28.1710407244521 | C6: 0.23263889 | D6: 0.28125 | E6: 0.32986111 | F6: 0.37847222 | G6: 0.42986111 | H6: 0.47569444 | I6: 0.52708333 | J6: 0.57291667 | K6: 0.62430556 | L6: 0.67152778 | M6: 0.72361111 | N6: 0.77222222
A7: WONDERBOOM | B7: -25.679398283013505, 28.182541636641577
A8: PRETORIA-N | B8: -25.672156912459837, 28.181972182122085 | C8: 0.23819444 | D8: 0.28680556 | E8: 0.33541667 | F8: 0.38402778 | G8: 0.43541667 | H8: 0.48125 | I8: 0.53263889 | J8: 0.57847222 | K8: 0.62986111 | L8: 0.67708333 | M8: 0.72916667 | N8: 0.77777778
A9: WOLMERTON | B9: -25.656754583256834, 28.166308537943245 | C9: 0.24166667 | D9: 0.29027778 | E9: 0.33888889 | F9: 0.3875 | G9: 0.43888889 | H9: 0.48472222 | I9: 0.53611111 | J9: 0.58194444 | K9: 0.63333333 | L9: 0.68055556 | M9: 0.73263889 | N9: 0.78125
A10: WINTERSNEST | B10: -25.646665143468105, 28.128664081235527 | C10: 0.24583333 | D10: 0.29444444 | E10: 0.34305556 | F10: 0.39166667 | G10: 0.44305556 | H10: 0.48888889 | I10: 0.54027778 | J10: 0.58611111 | K10: 0.6375 | L10: 0.68472222 | M10: 0.73680556 | N10: 0.78541667
A11: AKASIABOOM | B11: -25.62343788217021, 28.107351095613126 | C11: 0.25138889 | D11: 0.3 | E11: 0.34861111 | F11: 0.39722222 | G11: 0.44861111 | H11: 0.49444444 | I11: 0.54583333 | J11: 0.59166667 | K11: 0.64305556 | L11: 0.69027778 | M11: 0.74236111 | N11: 0.79097222
A12: KOPANONG | B12: -25.581315356478292, 28.0903223133063 | C12: 0.25555556 | D12: 0.30416667 | E12: 0.35277778 | F12: 0.40138889 | G12: 0.45277778 | H12: 0.49861111 | I12: 0.55 | J12: 0.59583333 | K12: 0.64722222 | L12: 0.69444444 | M12: 0.74652778 | N12: 0.79513889
A13: SOSHANGUVE | B13: -25.520916877100483, 28.082831418476943
A14: MABOPANE | B14: -25.495963167301053, 28.089659387779985 | C14: 0.26597222 | D14: 0.31458333 | E14: 0.36319444 | F14: 0.41180556 | G14: 0.46319444 | H14: 0.50902778 | I14: 0.56041667 | J14: 0.60625 | K14: 0.65763889 | L14: 0.70486111 | M14: 0.75694444 | N14: 0.80555556

Sheet MAB-to-BELLE_Sat
A1: Last Updated: | B1: 45890 | C1: ='MAB-to-BELLE_Weekday'!C1 -> Z2
A2: STATION | B2: COORDINATES | C2: 0800 | D2: 0802 | E2: 0816
A3: MABOPANE | B3: -25.495963167301053, 28.089659387779985 | C3: 0.20486111 | D3: 0.31597222 | E3: 0.69444444
A4: SOSHANGUVE | B4: -25.520916877100483, 28.082831418476943
A5: KOPANONG | B5: -25.581315356478292, 28.0903223133063 | C5: 0.21388889 | D5: 0.325 | E5: 0.70347222
A6: AKASIABOOM | B6: -25.62343788217021, 28.107351095613126 | C6: 0.21805556 | D6: 0.32916667 | E6: 0.70763889
A7: WINTERSNEST | B7: -25.646665143468105, 28.128664081235527 | C7: 0.22361111 | D7: 0.33472222 | E7: 0.71319444
A8: WOLMERTON | B8: -25.656754583256834, 28.166308537943245 | C8: 0.22777778 | D8: 0.33888889 | E8: 0.71736111
A9: PRETORIA-N | B9: -25.672156912459837, 28.181972182122085 | C9: 0.23055556 | D9: 0.34166667 | E9: 0.72013889
A10: WONDERBOOM | B10: -25.679398283013505, 28.182541636641577
A11: MOUNTAIN VIEW | B11: -25.701154966265122, 28.1710407244521 | C11: 0.23611111 | D11: 0.34722222 | E11: 0.72569444
A12: DASPOORT | B12: -25.71389154994833, 28.16610216678128
A13: HERCULES | B13: -25.724426332570793, 28.16740145328856 | C13: 0.23958333 | D13: 0.35069444 | E13: 0.72916667
A14: BELLE-OMBRE | B14: -25.73740468957095, 28.178914335051033 | C14: 0.24652778 | D14: 0.35763889 | E14: 0.73611111

Sheet BELLE-to-MAB_Sat
A1: Last Updated: | B1: ='MAB-to-BELLE_Sat'!B1 -> 45890 | C1: ='MAB-to-BELLE_Weekday'!C1 -> Z2
A2: STATION | B2: COORDINATES | C2: 0801 | D2: 0803 | E2: 0815 | F2: 0817
A3: BELLE-OMBRE | B3: -25.73740468957095, 28.178914335051033 | C3: 0.25694444 | D3: 0.36805556 | E3: 0.625 | F3: 0.75694444
A4: HERCULES | B4: -25.724426332570793, 28.16740145328856 | C4: 0.26111111 | D4: 0.37222222 | E4: 0.62916667 | F4: 0.76111111
A5: DASPOORT | B5: -25.71389154994833, 28.16610216678128
A6: MOUNTAIN VIEW | B6: -25.701154966265122, 28.1710407244521 | C6: 0.26527778 | D6: 0.37638889 | E6: 0.63333333 | F6: 0.76527778
A7: WONDERBOOM | B7: -25.679398283013505, 28.182541636641577
A8: PRETORIA-N | B8: -25.672156912459837, 28.181972182122085 | C8: 0.27083333 | D8: 0.38194444 | E8: 0.63888889 | F8: 0.77083333
A9: WOLMERTON | B9: -25.656754583256834, 28.166308537943245 | C9: 0.27430556 | D9: 0.38541667 | E9: 0.64236111 | F9: 0.77430556
A10: WINTERSNEST | B10: -25.646665143468105, 28.128664081235527 | C10: 0.27847222 | D10: 0.38958333 | E10: 0.64652778 | F10: 0.77847222
A11: AKASIABOOM | B11: -25.62343788217021, 28.107351095613126 | C11: 0.28402778 | D11: 0.39513889 | E11: 0.65208333 | F11: 0.78402778
A12: KOPANONG | B12: -25.581315356478292, 28.0903223133063 | C12: 0.28819444 | D12: 0.39930556 | E12: 0.65625 | F12: 0.78819444
A13: SOSHANGUVE | B13: -25.520916877100483, 28.082831418476943
A14: MABOPANE | B14: -25.495963167301053, 28.089659387779985 | C14: 0.29861111 | D14: 0.40972222 | E14: 0.66666667 | F14: 0.79861111

Sheet GERM-to-KWESI_Weekday
A1: Last Updated: | B1: 45922 | C1: Z2
A2: STATION | B2: COORDINATES | C2: 7601 | D2: 7603 | E2: 7605 | F2: 7607 | G2: 7609 | H2: 7613 | I2: 7615 | J2: 7619 | K2: 7621 | L2: 7625 | M2: 7627 | N2: 7629
A3: GERMISTON | B3: -26.209629310943757, 28.16775038029468 | C3: 0.1875 | D3: 0.23263889 | E3: 0.27083333 | F3: 0.31597222 | G3: 0.35416667 | H3: 0.4375 | I3: 0.52083333 | J3: 0.60416667 | K3: 0.6875 | L3: 0.72222222 | M3: 0.77083333 | N3: 0.81944444
A4: ELSBURG | B4: -26.242074536681013, 28.193485066234086 | C4: 0.19930556 | D4: 0.24444444 | E4: 0.28263889 | F4: 0.32777778 | G4: 0.36597222 | H4: 0.44930556 | I4: 0.53263889 | J4: 0.61597222 | K4: 0.69930556 | L4: 0.73402778 | M4: 0.78263889 | N4: 0.83125
A5: KATLEHONG | B5: -26.307539143135436, 28.161448064536795 | C5: 0.21041667 | D5: 0.25555556 | E5: 0.29375 | F5: 0.33888889 | G5: 0.37708333 | H5: 0.46041667 | I5: 0.54375 | J5: 0.62708333 | K5: 0.71041667 | L5: 0.74513889 | M5: 0.79375 | N5: 0.84236111
A6: LINDELA | B6: -26.326156380004434, 28.158191665672334 | C6: 0.21388889 | D6: 0.25902778 | E6: 0.29722222 | F6: 0.34236111 | G6: 0.38055556 | H6: 0.46388889 | I6: 0.54722222 | J6: 0.63055556 | K6: 0.71388889 | L6: 0.74861111 | M6: 0.79722222 | N6: 0.84583333
A7: PILOT | B7: -26.340713981819974, 28.152496274644147 | C7: 0.21666667 | D7: 0.26180556 | E7: 0.3 | F7: 0.34513889 | G7: 0.38333333 | H7: 0.46666667 | I7: 0.55 | J7: 0.63333333 | K7: 0.71666667 | L7: 0.75138889 | M7: 0.8 | N7: 0.84861111
A8: KWESINE | B8: -26.365394305815887, 28.152781379926747 | C8: 0.22083333 | D8: 0.26597222 | E8: 0.30416667 | F8: 0.34930556 | G8: 0.3875 | H8: 0.47083333 | I8: 0.55416667 | J8: 0.6375 | K8: 0.72083333 | L8: 0.75555556 | M8: 0.80416667 | N8: 0.85277778

Sheet KWESI-to-GERM_Weekday
A1: Last Updated: | B1: ='GERM-to-KWESI_Weekday'!B1 -> 45922 | C1: ='GERM-to-KWESI_Weekday'!C1 -> Z2
A2: STATION | B2: COORDINATES | C2: 7600 | D2: 7602 | E2: 7604 | F2: 7606 | G2: 7608 | H2: 7610 | I2: 7612 | J2: 7616 | K2: 7618 | L2: 7620 | M2: 7622 | N2: 7626 | O2: 7628
A3: KWESINE | B3: -26.365394305815887, 28.152781379926747 | C3: 0.14583333 | D3: 0.19097222 | E3: 0.23055556 | F3: 0.27430556 | G3: 0.31458333 | H3: 0.35763889 | I3: 0.39583333 | J3: 0.47916667 | K3: 0.56111111 | L3: 0.64444444 | M3: 0.72777778 | N3: 0.77430556 | O3: 0.81944444
A4: PILOT | B4: -26.340713981819974, 28.152496274644147 | C4: 0.14930556 | D4: 0.19444444 | E4: 0.23402778 | F4: 0.27777778 | G4: 0.31805556 | H4: 0.36111111 | I4: 0.39930556 | J4: 0.48263889 | K4: 0.56458333 | L4: 0.64791667 | M4: 0.73125 | N4: 0.77777778 | O4: 0.82291667
A5: LINDELA | B5: -26.326156380004434, 28.158191665672334 | C5: 0.15208333 | D5: 0.19722222 | E5: 0.23680556 | F5: 0.28055556 | G5: 0.32083333 | H5: 0.36388889 | I5: 0.40208333 | J5: 0.48541667 | K5: 0.56736111 | L5: 0.65069444 | M5: 0.73402778 | N5: 0.78055556 | O5: 0.82569444
A6: KATLEHONG | B6: -26.307539143135436, 28.161448064536795 | C6: 0.15486111 | D6: 0.2 | E6: 0.23958333 | F6: 0.28333333 | G6: 0.32361111 | H6: 0.36666667 | I6: 0.40486111 | J6: 0.48819444 | K6: 0.57013889 | L6: 0.65347222 | M6: 0.73680556 | N6: 0.78333333 | O6: 0.82847222
A7: ELSBURG | B7: -26.242074536681013, 28.193485066234086 | C7: 0.16666667 | D7: 0.21180556 | E7: 0.25138889 | F7: 0.29513889 | G7: 0.33541667 | H7: 0.37847222 | I7: 0.41666667 | J7: 0.5 | K7: 0.58194444 | L7: 0.66527778 | M7: 0.74861111 | N7: 0.79513889 | O7: 0.84027778
A8: GERMISTON | B8: -26.209629310943757, 28.16775038029468 | C8: 0.17916667 | D8: 0.22430556 | E8: 0.26388889 | F8: 0.30763889 | G8: 0.34791667 | H8: 0.39097222 | I8: 0.42916667 | J8: 0.5125 | K8: 0.59444444 | L8: 0.67777778 | M8: 0.76111111 | N8: 0.80763889 | O8: 0.85277778

Sheet GERM-to-KWESI_Sat
A1: Last Updated: | B1: Unspecified | C1: ='GERM-to-KWESI_Weekday'!C1 -> Z2
A2: STATION | B2: COORDINATES | C2: 7603 | D2: 7605 | E2: 7641 | F2: 7643 | G2: 7645
A3: GERMISTON | B3: -26.209629310943757, 28.16775038029468 | C3: 0.23958333 | D3: 0.32638889 | E3: 0.60069444 | F3: 0.68402778 | G3: 0.77083333
A4: ELSBURG | B4: -26.242074536681013, 28.193485066234086 | C4: 0.25138889 | D4: 0.33819444 | E4: 0.6125 | F4: 0.69583333 | G4: 0.78263889
A5: KATLEHONG | B5: -26.307539143135436, 28.161448064536795 | C5: 0.2625 | D5: 0.34930556 | E5: 0.62361111 | F5: 0.70694444 | G5: 0.79375
A6: LINDELA | B6: -26.326156380004434, 28.158191665672334 | C6: 0.26597222 | D6: 0.35277778 | E6: 0.62708333 | F6: 0.71041667 | G6: 0.79722222
A7: PILOT | B7: -26.340713981819974, 28.152496274644147 | C7: 0.26875 | D7: 0.35555556 | E7: 0.62986111 | F7: 0.71319444 | G7: 0.8
A8: KWESINE | B8: -26.365394305815887, 28.152781379926747 | C8: 0.27291667 | D8: 0.35972222 | E8: 0.63402778 | F8: 0.71736111 | G8: 0.80416667

Sheet KWESI-to-GERM_Sat
A1: Last Updated: | B1: ='GERM-to-KWESI_Sat'!B1 -> Unspecified | C1: ='GERM-to-KWESI_Weekday'!C1 -> Z2
A2: STATION | B2: COORDINATES | C2: 7602 | D2: 7604 | E2: 7606 | F2: 7642 | G2: 7644 | H2: 7648
A3: KWESINE | B3: -26.365394305815887, 28.152781379926747 | C3: 0.19791667 | D3: 0.28125 | E3: 0.36805556 | F3: 0.64236111 | G3: 0.72569444 | H3: 0.8125
A4: PILOT | B4: -26.340713981819974, 28.152496274644147 | C4: 0.20138889 | D4: 0.28472222 | E4: 0.37152778 | F4: 0.64583333 | G4: 0.72916667 | H4: 0.81597222
A5: LINDELA | B5: -26.326156380004434, 28.158191665672334 | C5: 0.20416667 | D5: 0.2875 | E5: 0.37430556 | F5: 0.64861111 | G5: 0.73194444 | H5: 0.81875
A6: KATLEHONG | B6: -26.307539143135436, 28.161448064536795 | C6: 0.20694444 | D6: 0.29027778 | E6: 0.37708333 | F6: 0.65138889 | G6: 0.73472222 | H6: 0.82152778
A7: ELSBURG | B7: -26.242074536681013, 28.193485066234086 | C7: 0.21875 | D7: 0.30208333 | E7: 0.38888889 | F7: 0.66319444 | G7: 0.74652778 | H7: 0.83333333
A8: GERMISTON | B8: -26.209629310943757, 28.16775038029468 | C8: 0.23125 | D8: 0.31458333 | E8: 0.40138889 | F8: 0.67569444 | G8: 0.75902778 | H8: 0.84583333

Sheet JHB-to-RAND_Weekday
A1: Last Updated: | B1: 46008 | C1: Z3
A2: STATION | B2: COORDINATES | C2: 0204 | D2: 0224 | E2: 0206 | F2: 0226 | G2: 0208 | H2: 0228 | I2: 0210 | J2: 0230 | K2: 0212 | L2: 0232 | M2: 0214 | N2: 0234 | O2: 0216 | P2: 0236 | Q2: 0218
A3: JOHANNESBURG | B3: -26.197647593316965, 28.04233618836466 | D3: 0.25 | F3: 0.33680556 | H3: 0.41666667 | J3: 0.5 | L3: 0.60416667 | N3: 0.6875 | P3: 0.77083333
A4: BRAAMFONTEIN | B4: -26.19785038795819, 28.022075850924722 | D4: =D3+TIME(0,7,0) -> 0.25486111 | F4: =F3+TIME(0,7,0) -> 0.34166667 | H4: =H3+TIME(0,7,0) -> 0.42152778 | J4: =J3+TIME(0,7,0) -> 0.50486111 | L4: =L3+TIME(0,7,0) -> 0.60902778 | N4: =N3+TIME(0,7,0) -> 0.69236111 | P4: =P3+TIME(0,7,0) -> 0.77569444
A5: MAYFAIR | B5: -26.204357573800028, 28.014409877846887 | D5: 0.25833333 | F5: 0.34236111 | H5: 0.425 | J5: 0.50833333 | L5: 0.6125 | N5: 0.69583333 | P5: 0.77916667
A6: GROSVENOR | B6: -26.202962977069127, 28.00593136680137 | D6: 0.26111111 | F6: 0.34444444 | H6: 0.42777778 | J6: 0.51111111 | L6: 0.61527778 | N6: 0.69861111 | P6: 0.78194444
A7: LANGLAAGTE | B7: -26.201719229862785, 27.990539266801267 | D7: 0.26319444 | F7: 0.34722222 | H7: 0.42986111 | J7: 0.51319444 | L7: 0.61736111 | N7: 0.70069444 | P7: 0.78402778
A8: INDUSTRIA | B8: -26.20064761351068, 27.980791038193363
A9: WESTBURY | B9: -26.188443766734295, 27.968076039514422
A10: NEWCLARE | B10: -26.186220350334334, 27.962106041293232
A11: BOSMONT | B11: -26.18345940414852, 27.95132529292846 | D11: 0.27013889 | F11: 0.35347222 | H11: 0.43680556 | J11: 0.52013889 | L11: 0.62430556 | N11: 0.70763889 | P11: 0.79097222
A12: MARAISBURG | B12: -26.179451103586576, 27.939930801976423
A13: UNIFIED | B13: -26.17934640087511, 27.926554891892838 | D13: 0.275 | F13: 0.35833333 | H13: 0.44166667 | J13: 0.525 | L13: 0.62916667 | N13: 0.7125 | P13: 0.79583333
A14: FLORIDA | B14: -26.176752716611063, 27.91426358618772 | D14: 0.27777778 | F14: 0.36111111 | H14: 0.44444444 | J14: 0.52777778 | L14: 0.63194444 | N14: 0.71527778 | P14: 0.79861111
A15: HAMBERG | B15: -26.16761329423407, 27.89363955466481 | D15: 0.28125 | F15: 0.36458333 | H15: 0.44791667 | J15: 0.53125 | L15: 0.63541667 | N15: 0.71875 | P15: 0.80208333
A16: GEORGINIA | B16: -26.164695347837018, 27.87995514003489
A17: ROODEPOORT | B17: -26.159057627819767, 27.869960853694568 | C17: 0.20833333 | D17: 0.28472222 | E17: 0.29166667 | F17: 0.36805556 | G17: 0.375 | H17: 0.45138889 | I17: 0.45833333 | J17: 0.53472222 | K17: 0.54166667 | L17: 0.63888889 | M17: 0.64583333 | N17: 0.72222222 | O17: 0.72916667 | P17: 0.80555556 | Q17: 0.8125
A18: HORISON | B18: -26.146612509666905, 27.86374942964767
A19: PRINCESS | B19: -26.132583466401883, 27.853421824034942 | C19: 0.21319444 | E19: 0.29652778 | G19: 0.37986111 | I19: 0.46319444 | K19: 0.54652778 | M19: 0.65069444 | O19: 0.73402778 | Q19: 0.81736111
A20: WITPOORTJIE | B20: -26.127111621322594, 27.830401030605525
A21: LUIPAARDSVLEI | B21: -26.119650130332165, 27.811365162291754 | C21: 0.21944444 | E21: 0.30277778 | G21: 0.38611111 | I21: 0.46944444 | K21: 0.55277778 | M21: 0.65694444 | O21: 0.74027778 | Q21: 0.82361111
A22: LANWEN | B22: -26.114959131467916, 27.793404142525095
A23: WINDSOR MINE | B23: -26.10947353108213, 27.78092085330434
A24: KRUGERSDORP | B24: -26.108673106302327, 27.77054582194475 | C24: 0.22777778 | E24: 0.31111111 | G24: 0.39444444 | I24: 0.47777778 | K24: 0.56111111 | M24: 0.66527778 | O24: 0.74861111 | Q24: 0.83194444
A25: WESRAND | B25: -26.111842932573754, 27.748279009896308
A26: MILLSITE | B26: -26.128472634725075, 27.738984350810526
A27: ROBINSON | B27: -26.15772328478757, 27.715139426035496
A28: HOMELAKE | B28: -26.16792472543254, 27.707411915946505
A29: RANDFONTEIN | B29: -26.18172322656187, 27.69778245070208 | C29: 0.24305556 | E29: 0.32638889 | G29: 0.40972222 | I29: 0.49305556 | K29: 0.57638889 | M29: 0.68055556 | O29: 0.76388889 | Q29: 0.84722222

Sheet RAND-to-JHB_Weekday
A1: Last Updated: | B1: ='JHB-to-RAND_Weekday'!B1 -> 46008 | C1: ='JHB-to-RAND_Weekday'!C1 -> Z3
A2: STATION | B2: COORDINATES | C2: 0203 | D2: 0223 | E2: 0205 | F2: 0225 | G2: 0207 | H2: 0227 | I2: 0209 | J2: 0229 | K2: 0211 | L2: 0231 | M2: 0213 | N2: 0233 | O2: 0215 | P2: 0235 | Q2: 0217 | R2: 0237
A3: RANDFONTEIN | B3: -26.18172322656187, 27.69778245070208 | C3: 0.16666667 | E3: 0.25 | G3: 0.33333333 | I3: 0.41666667 | K3: 0.5 | M3: 0.59722222 | O3: 0.6875 | Q3: 0.77083333
A4: HOMELAKE | B4: -26.16792472543254, 27.707411915946505
A5: ROBINSON | B5: -26.15772328478757, 27.715139426035496
A6: MILLSITE | B6: -26.128472634725075, 27.738984350810526
A7: WESRAND | B7: -26.111842932573754, 27.748279009896308
A8: KRUGERSDORP | B8: -26.108673106302327, 27.77054582194475 | C8: 0.18402778 | E8: 0.26736111 | G8: 0.35069444 | I8: 0.43402778 | K8: 0.51736111 | M8: 0.61458333 | O8: 0.70486111 | Q8: 0.78819444
A9: WINDSOR MINE | B9: -26.10947353108213, 27.78092085330434
A10: LANWEN | B10: -26.114959131467916, 27.793404142525095
A11: LUIPAARDSVLEI | B11: -26.119650130332165, 27.811365162291754 | C11: 0.18888889 | E11: 0.27222222 | G11: 0.35555556 | I11: 0.43888889 | K11: 0.52222222 | M11: 0.61944444 | O11: 0.70972222 | Q11: 0.79305556
A12: WITPOORTJIE | B12: -26.127111621322594, 27.830401030605525
A13: PRINCESS | B13: -26.132583466401883, 27.853421824034942 | C13: 0.19583333 | E13: 0.27916667 | G13: 0.3625 | I13: 0.44583333 | K13: 0.52916667 | M13: 0.62638889 | O13: 0.71666667 | Q13: 0.8
A14: HORISON | B14: -26.146612509666905, 27.86374942964767
A15: ROODEPOORT | B15: -26.159057627819767, 27.869960853694568 | C15: 0.20138889 | D15: 0.20833333 | E15: 0.28472222 | F15: 0.29166667 | G15: 0.36805556 | H15: 0.375 | I15: 0.45138889 | J15: 0.45833333 | K15: 0.53472222 | L15: 0.54166667 | M15: 0.63194444 | N15: 0.64583333 | O15: 0.72222222 | P15: 0.72916667 | Q15: 0.80555556 | R15: 0.8125
A16: GEORGINIA | B16: -26.164695347837018, 27.87995514003489
A17: HAMBERG | B17: -26.16761329423407, 27.89363955466481 | D17: 0.21180556 | F17: 0.29513889 | H17: 0.37847222 | J17: 0.46180556 | L17: 0.54513889 | N17: 0.64930556 | P17: 0.73263889 | R17: 0.81597222
A18: FLORIDA | B18: -26.176752716611063, 27.91426358618772 | D18: 0.21458333 | F18: 0.29791667 | H18: 0.38125 | J18: 0.46458333 | L18: 0.54791667 | N18: 0.65208333 | P18: 0.73541667 | R18: 0.81875
A19: UNIFIED | B19: -26.17934640087511, 27.926554891892838 | D19: 0.21736111 | F19: 0.30069444 | H19: 0.38402778 | J19: 0.46736111 | L19: 0.55069444 | N19: 0.65486111 | P19: 0.73819444 | R19: 0.82152778
A20: MARAISBURG | B20: -26.179451103586576, 27.939930801976423
A21: BOSMONT | B21: -26.18345940414852, 27.95132529292846 | D21: 0.22083333 | F21: 0.30416667 | H21: 0.3875 | J21: 0.47083333 | L21: 0.55416667 | N21: 0.65833333 | P21: 0.74166667 | R21: 0.825
A22: NEWCLARE | B22: -26.186220350334334, 27.962106041293232
A23: WESTBURY | B23: -26.188443766734295, 27.968076039514422
A24: INDUSTRIA | B24: -26.20064761351068, 27.980791038193363
A25: LANGLAAGTE | B25: -26.201719229862785, 27.990539266801267 | D25: 0.22777778 | F25: 0.31111111 | H25: 0.39444444 | J25: 0.47777778 | L25: 0.56111111 | N25: 0.66527778 | P25: 0.74861111 | R25: 0.83194444
A26: GROSVENOR | B26: -26.202962977069127, 28.00593136680137 | D26: 0.23125 | F26: 0.31458333 | H26: 0.39861111 | J26: 0.48125 | L26: 0.56458333 | N26: 0.66875 | P26: 0.75208333 | R26: 0.83541667
A27: MAYFAIR | B27: -26.204357573800028, 28.014409877846887 | D27: 0.23402778 | F27: 0.31736111 | H27: 0.40138889 | J27: 0.48402778 | L27: 0.56736111 | N27: 0.67152778 | P27: 0.75486111 | R27: 0.83819444
A28: BRAAMFONTEIN | B28: -26.19785038795819, 28.022075850924722 | D28: 0.2375 | F28: 0.32083333 | H28: 0.40486111 | J28: 0.4875 | L28: 0.57083333 | N28: 0.675 | P28: 0.75833333 | R28: 0.84166667
A29: JOHANNESBURG | B29: -26.197647593316965, 28.04233618836466 | D29: 0.24305556 | F29: 0.32638889 | H29: 0.41041667 | J29: 0.49305556 | L29: 0.57638889 | N29: 0.68055556 | P29: 0.76388889 | R29: 0.84722222

Sheet JHB-to-RAND_Sat
A1: Last Updated: | B1: 45710 | C1: ='JHB-to-RAND_Weekday'!C1 -> Z3
A2: STATION | B2: COORDINATES | C2: 0200 | D2: 0202 | E2: 0206 | F2: 0208 | G2: 0216 | H2: 0218 | I2: 0220 | J2: 0224
A3: JOHANNESBURG | B3: -26.197647593316965, 28.04233618836466 | C3: 0.20833333 | E3: 0.29166667 | G3: 0.66666667 | I3: 0.75
A4: BRAAMFONTEIN | B4: -26.19785038795819, 28.022075850924722 | C4: 0.21319444 | E4: 0.29652778 | G4: 0.67152778 | I4: 0.75486111
A5: MAYFAIR | B5: -26.204357573800028, 28.014409877846887 | C5: 0.21736111 | E5: 0.30069444 | G5: 0.67569444 | I5: 0.75902778
A6: GROSVENOR | B6: -26.202962977069127, 28.00593136680137 | C6: 0.21944444 | E6: 0.30277778 | G6: 0.67777778 | I6: 0.76111111
A7: LANGLAAGTE | B7: -26.201719229862785, 27.990539266801267 | C7: 0.22222222 | E7: 0.30555556 | G7: 0.68055556 | I7: 0.76388889
A8: INDUSTRIA | B8: -26.20064761351068, 27.980791038193363
A9: WESTBURY | B9: -26.188443766734295, 27.968076039514422
A10: NEWCLARE | B10: -26.186220350334334, 27.962106041293232
A11: BOSMONT | B11: -26.18345940414852, 27.95132529292846 | C11: 0.22847222 | E11: 0.31180556 | G11: 0.68680556 | I11: 0.77013889
A12: MARAISBURG | B12: -26.179451103586576, 27.939930801976423
A13: UNIFIED | B13: -26.17934640087511, 27.926554891892838 | C13: 0.23333333 | E13: 0.31666667 | G13: 0.69166667 | I13: 0.775
A14: FLORIDA | B14: -26.176752716611063, 27.91426358618772 | C14: 0.23611111 | E14: 0.31944444 | G14: 0.69444444 | I14: 0.77777778
A15: HAMBERG | B15: -26.16761329423407, 27.89363955466481 | C15: 0.23958333 | E15: 0.32291667 | G15: 0.69791667 | I15: 0.78125
A16: GEORGINIA | B16: -26.164695347837018, 27.87995514003489
A17: ROODEPOORT | B17: -26.159057627819767, 27.869960853694568 | C17: 0.24305556 | D17: 0.25 | E17: 0.32638889 | F17: 0.33333333 | G17: 0.70138889 | H17: 0.70833333 | I17: 0.78472222 | J17: 0.79166667
A18: HORISON | B18: -26.146612509666905, 27.86374942964767
A19: PRINCESS | B19: -26.132583466401883, 27.853421824034942 | D19: =D17+TIME(0,7,0) -> 0.25486111 | F19: =F17+TIME(0,7,0) -> 0.33819444 | H19: =H17+TIME(0,7,0) -> 0.71319444 | J19: =J17+TIME(0,7,0) -> 0.79652778
A20: WITPOORTJIE | B20: -26.127111621322594, 27.830401030605525
A21: LUIPAARDSVLEI | B21: -26.119650130332165, 27.811365162291754 | D21: 0.25972222 | F21: 0.34305556 | H21: 0.71805556 | J21: 0.80138889
A22: LANWEN | B22: -26.114959131467916, 27.793404142525095
A23: WINDSOR MINE | B23: -26.10947353108213, 27.78092085330434
A24: KRUGERSDORP | B24: -26.108673106302327, 27.77054582194475 | D24: 0.26875 | F24: 0.35208333 | H24: 0.72708333 | J24: 0.81041667
A25: WESRAND | B25: -26.111842932573754, 27.748279009896308
A26: MILLSITE | B26: -26.128472634725075, 27.738984350810526
A27: ROBINSON | B27: -26.15772328478757, 27.715139426035496
A28: HOMELAKE | B28: -26.16792472543254, 27.707411915946505
A29: RANDFONTEIN | B29: -26.18172322656187, 27.69778245070208 | D29: 0.28472222 | F29: 0.36805556 | H29: 0.74305556 | J29: 0.82638889

Sheet RAND-to-JHB_Sat
A1: Last Updated: | B1: ='JHB-to-RAND_Sat'!B1 -> 45710 | C1: ='JHB-to-RAND_Weekday'!C1 -> Z3
A2: STATION | B2: COORDINATES | C2: 0203 | D2: 0205 | E2: 0207 | F2: 0209 | G2: 0217 | H2: 0219 | I2: 0221 | J2: 0223
A3: RANDFONTEIN | B3: -26.18172322656187, 27.69778245070208 | C3: 0.20833333 | E3: 0.29166667 | G3: 0.66666667 | I3: 0.75
A4: HOMELAKE | B4: -26.16792472543254, 27.707411915946505
A5: ROBINSON | B5: -26.15772328478757, 27.715139426035496
A6: MILLSITE | B6: -26.128472634725075, 27.738984350810526
A7: WESRAND | B7: -26.111842932573754, 27.748279009896308
A8: KRUGERSDORP | B8: -26.108673106302327, 27.77054582194475 | C8: 0.22569444 | E8: 0.30902778 | G8: 0.68402778 | I8: 0.76736111
A9: WINDSOR MINE | B9: -26.10947353108213, 27.78092085330434
A10: LANWEN | B10: -26.114959131467916, 27.793404142525095
A11: LUIPAARDSVLEI | B11: -26.119650130332165, 27.811365162291754 | C11: 0.23125 | E11: 0.31458333 | G11: 0.68958333 | I11: 0.77291667
A12: WITPOORTJIE | B12: -26.127111621322594, 27.830401030605525
A13: PRINCESS | B13: -26.132583466401883, 27.853421824034942 | C13: =C15-TIME(0,7,0) -> 0.23819444 | E13: =E15-TIME(0,7,0) -> 0.32152778 | G13: =G15-TIME(0,7,0) -> 0.69652778 | I13: =I15-TIME(0,7,0) -> 0.77986111
A14: HORISON | B14: -26.146612509666905, 27.86374942964767
A15: ROODEPOORT | B15: -26.159057627819767, 27.869960853694568 | C15: 0.24305556 | D15: 0.25 | E15: 0.32638889 | F15: 0.33333333 | G15: 0.70138889 | H15: 0.70833333 | I15: 0.78472222 | J15: 0.79166667
A16: GEORGINIA | B16: -26.164695347837018, 27.87995514003489
A17: HAMBERG | B17: -26.16761329423407, 27.89363955466481 | D17: 0.25347222 | F17: 0.33680556 | H17: 0.71180556 | J17: 0.79513889
A18: FLORIDA | B18: -26.176752716611063, 27.91426358618772 | D18: 0.25625 | F18: 0.33958333 | H18: 0.71458333 | J18: 0.79791667
A19: UNIFIED | B19: -26.17934640087511, 27.926554891892838 | D19: 0.25902778 | F19: 0.34236111 | H19: 0.71736111 | J19: 0.80069444
A20: MARAISBURG | B20: -26.179451103586576, 27.939930801976423
A21: BOSMONT | B21: -26.18345940414852, 27.95132529292846 | D21: 0.2625 | F21: 0.34583333 | H21: 0.72083333 | J21: 0.80416667
A22: NEWCLARE | B22: -26.186220350334334, 27.962106041293232
A23: WESTBURY | B23: -26.188443766734295, 27.968076039514422
A24: INDUSTRIA | B24: -26.20064761351068, 27.980791038193363
A25: LANGLAAGTE | B25: -26.201719229862785, 27.990539266801267 | D25: 0.26944444 | F25: 0.35277778 | H25: 0.72777778 | J25: 0.81111111
A26: GROSVENOR | B26: -26.202962977069127, 28.00593136680137 | D26: 0.27291667 | F26: 0.35625 | H26: 0.73125 | J26: 0.81458333
A27: MAYFAIR | B27: -26.204357573800028, 28.014409877846887 | D27: 0.27569444 | F27: 0.35902778 | H27: 0.73402778 | J27: 0.81736111
A28: BRAAMFONTEIN | B28: -26.19785038795819, 28.022075850924722 | D28: 0.27916667 | F28: 0.3625 | H28: 0.7375 | J28: 0.82083333
A29: JOHANNESBURG | B29: -26.197647593316965, 28.04233618836466 | D29: 0.28472222 | F29: 0.36805556 | H29: 0.74305556 | J29: 0.82638889

Sheet JHB-to-NALD_Weekday
A1: Last Updated: | B1: 45813 | C1: Z2
A2: STATION | B2: COORDINATES | C2: 9306 | D2: 9308 | E2: 9310 | F2: 9312 | G2: 9314 | H2: 9316 | I2: 9318 | J2: 9322 | K2: 9324 | L2: 9326 | M2: 9328 | N2: 9332 | O2: 9334
A3: JOHANNESBURG | B3: -26.197647593316965, 28.04233618836466 | C3: 0.27083333 | D3: 0.3125 | E3: 0.36805556 | F3: 0.40972222 | G3: 0.45138889 | H3: 0.49305556 | I3: 0.53472222 | J3: 0.57638889 | K3: 0.63194444 | L3: 0.6875 | M3: 0.72916667 | N3: 0.77083333 | O3: 0.80555556
A4: BRAAMFONTEIN | B4: -26.19785038795819, 28.022075850924722 | C4: 0.27361111 | D4: 0.31527778 | E4: 0.37083333 | F4: 0.4125 | G4: 0.45416667 | H4: 0.49583333 | I4: 0.5375 | J4: 0.57916667 | K4: 0.63472222 | L4: 0.69027778 | M4: 0.73194444 | N4: 0.77361111 | O4: 0.80833333
A5: MAYFAIR | B5: -26.204357573800028, 28.014409877846887 | C5: 0.27638889 | D5: 0.31805556 | E5: 0.37361111 | F5: 0.41527778 | G5: 0.45694444 | H5: 0.49861111 | I5: 0.54027778 | J5: 0.58194444 | K5: 0.6375 | L5: 0.69305556 | M5: 0.73472222 | N5: 0.77638889 | O5: 0.81111111
A6: GROSVENOR | B6: -26.202962977069127, 28.00593136680137 | C6: 0.27777778 | D6: 0.31944444 | E6: 0.375 | F6: 0.41666667 | G6: 0.45833333 | H6: 0.5 | I6: 0.54166667 | J6: 0.58333333 | K6: 0.63888889 | L6: 0.69444444 | M6: 0.73611111 | N6: 0.77777778 | O6: 0.8125
A7: LANGLAAGTE | B7: -26.201719229862785, 27.990539266801267 | C7: 0.27986111 | D7: 0.32152778 | E7: 0.37708333 | F7: 0.41875 | G7: 0.46041667 | H7: 0.50208333 | I7: 0.54375 | J7: 0.58541667 | K7: 0.64097222 | L7: 0.69652778 | M7: 0.73819444 | N7: 0.77986111 | O7: 0.81458333
A8: CROESUS | B8: -26.201595050664512, 27.97172133796557 | C8: 0.28194444 | D8: 0.32361111 | E8: 0.37916667 | F8: 0.42083333 | G8: 0.4625 | H8: 0.50416667 | I8: 0.54583333 | J8: 0.5875 | K8: 0.64305556 | L8: 0.69861111 | M8: 0.74027778 | N8: 0.78194444 | O8: 0.81666667
A9: LONGDALE | B9: -26.198503123750555, 27.962929509129903 | C9: 0.28333333 | D9: 0.325 | E9: 0.38055556 | F9: 0.42222222 | G9: 0.46388889 | H9: 0.50555556 | I9: 0.54722222 | J9: 0.58888889 | K9: 0.64444444 | L9: 0.7 | M9: 0.74166667 | N9: 0.78333333 | O9: 0.81805556
A10: NEW CANADA | B10: -26.214411850342184, 27.94240072447306 | C10: 0.28680556 | D10: 0.32847222 | E10: 0.38402778 | F10: 0.42569444 | G10: 0.46736111 | H10: 0.50902778 | I10: 0.55069444 | J10: 0.59236111 | K10: 0.64791667 | L10: 0.70347222 | M10: 0.74513889 | N10: 0.78680556 | O10: 0.82152778
A11: MZIMHLOPE | B11: -26.223861505533936, 27.921532143394266 | C11: 0.28888889 | D11: 0.33055556 | E11: 0.38611111 | F11: 0.42777778 | G11: 0.46944444 | H11: 0.51111111 | I11: 0.55277778 | J11: 0.59444444 | K11: 0.65 | L11: 0.70555556 | M11: 0.74722222 | N11: 0.78888889 | O11: 0.82361111
A12: PHOMOLONG | B12: -26.226703184419414, 27.90867427408623 | C12: 0.29097222 | D12: 0.33263889 | E12: 0.38819444 | F12: 0.42986111 | G12: 0.47152778 | H12: 0.51319444 | I12: 0.55486111 | J12: 0.59652778 | K12: 0.65208333 | L12: 0.70763889 | M12: 0.74930556 | N12: 0.79097222 | O12: 0.82569444
A13: PHEFENI | B13: -26.235333111848036, 27.90499985809428 | C13: 0.29236111 | D13: 0.33402778 | E13: 0.38958333 | F13: 0.43125 | G13: 0.47291667 | H13: 0.51458333 | I13: 0.55625 | J13: 0.59791667 | K13: 0.65347222 | L13: 0.70902778 | M13: 0.75069444 | N13: 0.79236111 | O13: 0.82708333
... A18: NALEDI | B18: -26.257998333942396, 27.822761926970013 | C18: 0.30555556 | D18: 0.34722222 | E18: 0.40277778 | F18: 0.44444444 | G18: 0.48611111 | H18: 0.52777778 | I18: 0.56944444 | J18: 0.61111111 | K18: 0.66666667 | L18: 0.72222222 | M18: 0.76388889 | N18: 0.80555556 | O18: 0.84027778

Sheet NALD-to-JHB_Weekday
A1: Last Updated: | B1: ='JHB-to-NALD_Weekday'!B1 -> 45813 | C1: ='JHB-to-NALD_Weekday'!C1 -> Z2
A2: STATION | B2: COORDINATES | C2: 9301 | D2: 9303 | E2: 9305 | F2: 9307 | G2: 9309 | H2: 9311 | I2: 9313 | J2: 9315 | K2: 9317 | L2: 9321 | M2: 9323 | N2: 9325 | O2: 9327 | P2: 9329
A3: NALEDI | B3: -26.257998333942396, 27.822761926970013 | C3: 0.18055556 | D3: 0.20833333 | E3: 0.22916667 | F3: 0.26041667 | G3: 0.3125 | H3: 0.36805556 | I3: 0.40972222 | J3: 0.45138889 | K3: 0.49305556 | L3: 0.53472222 | M3: 0.57638889 | N3: 0.61805556 | O3: 0.67361111 | P3: 0.75
A4: MERAFE | B4: -26.26213048623854, 27.84657941488496 | C4: 0.18263889 | D4: 0.21041667 | E4: 0.23125 | F4: 0.2625 | G4: 0.31458333 | H4: 0.37013889 | I4: 0.41180556 | J4: 0.45347222 | K4: 0.49513889 | L4: 0.53680556 | M4: 0.57847222 | N4: 0.62013889 | O4: 0.67569444 | P4: 0.75208333
A5: INHLAZANE | B5: -26.249713244610206, 27.863467738215245 | C5: 0.18611111 | D5: 0.21388889 | E5: 0.23472222 | F5: 0.26597222 | G5: 0.31805556 | H5: 0.37361111 | I5: 0.41527778 | J5: 0.45694444 | K5: 0.49861111 | L5: 0.54027778 | M5: 0.58194444 | N5: 0.62361111 | O5: 0.67916667 | P5: 0.75555556
A6: IKWEZI | B6: -26.23066586388434, 27.87708944718947 | C6: 0.18958333 | D6: 0.21736111 | E6: 0.23819444 | F6: 0.26944444 | G6: 0.32152778 | H6: 0.37708333 | I6: 0.41875 | J6: 0.46041667 | K6: 0.50208333 | L6: 0.54375 | M6: 0.58541667 | N6: 0.62708333 | O6: 0.68263889 | P6: 0.75902778
A7: DUBE | B7: -26.232994816765324, 27.89235589471589 | C7: 0.19236111 | D7: 0.22013889 | E7: 0.24097222 | F7: 0.27222222 | G7: 0.32430556 | H7: 0.37986111 | I7: 0.42152778 | J7: 0.46319444 | K7: 0.50486111 | L7: 0.54652778 | M7: 0.58819444 | N7: 0.62986111 | O7: 0.68541667 | P7: 0.76180556
A8: PHEFENI | B8: -26.235333111848036, 27.90499985809428 | C8: 0.19375 | D8: 0.22152778 | E8: 0.24236111 | F8: 0.27361111 | G8: 0.32569444 | H8: 0.38125 | I8: 0.42291667 | J8: 0.46458333 | K8: 0.50625 | L8: 0.54791667 | M8: 0.58958333 | N8: 0.63125 | O8: 0.68680556 | P8: 0.76319444
A9: PHOMOLONG | B9: -26.226703184419414, 27.90867427408623 | C9: 0.19513889 | D9: 0.22291667 | E9: 0.24375 | F9: 0.275 | G9: 0.32708333 | H9: 0.38263889 | I9: 0.42430556 | J9: 0.46597222 | K9: 0.50763889 | L9: 0.54930556 | M9: 0.59097222 | N9: 0.63263889 | O9: 0.68819444 | P9: 0.76458333
A10: MZIMHLOPE | B10: -26.223861505533936, 27.921532143394266 | C10: 0.19652778 | D10: 0.22430556 | E10: 0.24513889 | F10: 0.27638889 | G10: 0.32847222 | H10: 0.38402778 | I10: 0.42569444 | J10: 0.46736111 | K10: 0.50902778 | L10: 0.55069444 | M10: 0.59236111 | N10: 0.63402778 | O10: 0.68958333 | P10: 0.76597222
A11: NEW CANADA | B11: -26.214411850342184, 27.94240072447306 | C11: 0.19861111 | D11: 0.22638889 | E11: 0.24722222 | F11: 0.27847222 | G11: 0.33055556 | H11: 0.38611111 | I11: 0.42777778 | J11: 0.46944444 | K11: 0.51111111 | L11: 0.55277778 | M11: 0.59444444 | N11: 0.63611111 | O11: 0.69166667 | P11: 0.76805556
A12: LONGDALE | B12: -26.198503123750555, 27.962929509129903 | C12: 0.20208333 | D12: 0.22986111 | E12: 0.25069444 | F12: 0.28194444 | G12: 0.33402778 | H12: 0.38958333 | I12: 0.43125 | J12: 0.47291667 | K12: 0.51458333 | L12: 0.55625 | M12: 0.59791667 | N12: 0.63958333 | O12: 0.69513889 | P12: 0.77152778
A13: CROESUS | B13: -26.201595050664512, 27.97172133796557 | C13: 0.20347222 | D13: 0.23125 | E13: 0.25208333 | F13: 0.28333333 | G13: 0.33541667 | H13: 0.39097222 | I13: 0.43263889 | J13: 0.47430556 | K13: 0.51597222 | L13: 0.55763889 | M13: 0.59930556 | N13: 0.64097222 | O13: 0.69652778 | P13: 0.77291667
... A18: JOHANNESBURG | B18: -26.197647593316965, 28.04233618836466 | C18: 0.21527778 | D18: 0.24305556 | E18: 0.26388889 | F18: 0.29513889 | G18: 0.34722222 | H18: 0.40277778 | I18: 0.44444444 | J18: 0.48611111 | K18: 0.52777778 | L18: 0.56944444 | M18: 0.61111111 | N18: 0.65277778 | O18: 0.70833333 | P18: 0.78472222

Sheet JHB-to-NALD_Sat
A1: Last Updated: | B1: Unspecified | C1: ='JHB-to-NALD_Weekday'!C1 -> Z2
A2: STATION | B2: COORDINATES | C2: 9302 | D2: 9304 | E2: 9312 | F2: 9314 | G2: 9316
A3: JOHANNESBURG | B3: -26.197647593316965, 28.04233618836466 | C3: 0.29166667 | D3: 0.375 | E3: 0.625 | F3: 0.70833333 | G3: 0.79166667
A4: BRAAMFONTEIN | B4: -26.19785038795819, 28.022075850924722 | C4: 0.29444444 | D4: 0.37777778 | E4: 0.62777778 | F4: 0.71111111 | G4: 0.79444444
A5: MAYFAIR | B5: -26.204357573800028, 28.014409877846887 | C5: 0.29722222 | D5: 0.38055556 | E5: 0.63055556 | F5: 0.71388889 | G5: 0.79722222
A6: GROSVENOR | B6: -26.202962977069127, 28.00593136680137 | C6: 0.29861111 | D6: 0.38194444 | E6: 0.63194444 | F6: 0.71527778 | G6: 0.79861111
A7: LANGLAAGTE | B7: -26.201719229862785, 27.990539266801267 | C7: 0.30069444 | D7: 0.38402778 | E7: 0.63402778 | F7: 0.71736111 | G7: 0.80069444
A8: CROESUS | B8: -26.201595050664512, 27.97172133796557 | C8: 0.30277778 | D8: 0.38611111 | E8: 0.63611111 | F8: 0.71944444 | G8: 0.80277778
A9: LONGDALE | B9: -26.198503123750555, 27.962929509129903 | C9: 0.30416667 | D9: 0.3875 | E9: 0.6375 | F9: 0.72083333 | G9: 0.80416667
A10: NEW CANADA | B10: -26.214411850342184, 27.94240072447306 | C10: 0.30763889 | D10: 0.39097222 | E10: 0.64097222 | F10: 0.72430556 | G10: 0.80763889
A11: MZIMHLOPE | B11: -26.223861505533936, 27.921532143394266 | C11: 0.30972222 | D11: 0.39305556 | E11: 0.64305556 | F11: 0.72638889 | G11: 0.80972222
A12: PHOMOLONG | B12: -26.226703184419414, 27.90867427408623 | C12: 0.31180556 | D12: 0.39513889 | E12: 0.64513889 | F12: 0.72847222 | G12: 0.81180556
A13: PHEFENI | B13: -26.235333111848036, 27.90499985809428 | C13: 0.31319444 | D13: 0.39652778 | E13: 0.64652778 | F13: 0.72986111 | G13: 0.81319444
... A18: NALEDI | B18: -26.257998333942396, 27.822761926970013 | C18: 0.32638889 | D18: 0.40972222 | E18: 0.65972222 | F18: 0.74305556 | G18: 0.82638889

Sheet NALD-to-JHB_Sat
A1: Last Updated: | B1: ='JHB-to-NALD_Sat'!B1 -> Unspecified | C1: ='JHB-to-NALD_Weekday'!C1 -> Z2
A2: STATION | B2: COORDINATES | C2: 9301 | D2: 9303 | E2: 9305 | F2: 9313 | G2: 9315
A3: NALEDI | B3: -26.257998333942396, 27.822761926970013 | C3: 0.20833333 | D3: 0.25 | E3: 0.33333333 | F3: 0.66666667 | G3: 0.75
A4: MERAFE | B4: -26.26213048623854, 27.84657941488496 | C4: 0.21041667 | D4: 0.25208333 | E4: 0.33541667 | F4: 0.66875 | G4: 0.75208333
A5: INHLAZANE | B5: -26.249713244610206, 27.863467738215245 | C5: 0.21388889 | D5: 0.25555556 | E5: 0.33888889 | F5: 0.67222222 | G5: 0.75555556
A6: IKWEZI | B6: -26.23066586388434, 27.87708944718947 | C6: 0.21736111 | D6: 0.25902778 | E6: 0.34236111 | F6: 0.67569444 | G6: 0.75902778
A7: DUBE | B7: -26.232994816765324, 27.89235589471589 | C7: 0.22013889 | D7: 0.26180556 | E7: 0.34513889 | F7: 0.67847222 | G7: 0.76180556
A8: PHEFENI | B8: -26.235333111848036, 27.90499985809428 | C8: 0.22152778 | D8: 0.26319444 | E8: 0.34652778 | F8: 0.67986111 | G8: 0.76319444
A9: PHOMOLONG | B9: -26.226703184419414, 27.90867427408623 | C9: 0.22291667 | D9: 0.26458333 | E9: 0.34791667 | F9: 0.68125 | G9: 0.76458333
A10: MZIMHLOPE | B10: -26.223861505533936, 27.921532143394266 | C10: 0.22430556 | D10: 0.26597222 | E10: 0.34930556 | F10: 0.68263889 | G10: 0.76597222
A11: NEW CANADA | B11: -26.214411850342184, 27.94240072447306 | C11: 0.22638889 | D11: 0.26805556 | E11: 0.35138889 | F11: 0.68472222 | G11: 0.76805556
A12: LONGDALE | B12: -26.198503123750555, 27.962929509129903 | C12: 0.22986111 | D12: 0.27152778 | E12: 0.35486111 | F12: 0.68819444 | G12: 0.77152778
A13: CROESUS | B13: -26.201595050664512, 27.97172133796557 | C13: 0.23125 | D13: 0.27291667 | E13: 0.35625 | F13: 0.68958333 | G13: 0.77291667
... A18: JOHANNESBURG | B18: -26.197647593316965, 28.04233618836466 | C18: 0.24305556 | D18: 0.28472222 | E18: 0.36805556 | F18: 0.70138889 | G18: 0.78472222

Sheet JHB-to-MIDWY_Weekday
A1: Last Updated: | B1: 45840 | C1: Z1
A2: STATION | B2: COORDINATES | C2: 9004 | D2: 9006 | E2: 9008 | F2: 9010 | G2: 9012 | H2: 9014
A3: JOHANNESBURG | B3: -26.197647593316965, 28.04233618836466 | C3: 0.23958333 | D3: 0.34375 | E3: 0.45833333 | F3: 0.58333333 | G3: 0.6875 | H3: 0.79861111
A4: BRAAMFONTEIN | B4: -26.19785038795819, 28.022075850924722 | C4: 0.24513889 | D4: 0.34930556 | E4: 0.46388889 | F4: 0.58888889 | G4: 0.69305556 | H4: 0.80416667
A5: MAYFAIR | B5: -26.204357573800028, 28.014409877846887 | C5: 0.24930556 | D5: 0.35347222 | E5: 0.46805556 | F5: 0.59305556 | G5: 0.69722222 | H5: 0.80833333
A6: GROSVENOR | B6: -26.202962977069127, 28.00593136680137 | C6: 0.25138889 | D6: 0.35555556 | E6: 0.47013889 | F6: 0.59513889 | G6: 0.69930556 | H6: 0.81041667
A7: LANGLAAGTE | B7: -26.201719229862785, 27.990539266801267 | C7: 0.25416667 | D7: 0.35833333 | E7: 0.47291667 | F7: 0.59791667 | G7: 0.70208333 | H7: 0.81319444
A8: CROESUS | B8: -26.201595050664512, 27.97172133796557 | C8: 0.25763889 | D8: 0.36180556 | E8: 0.47638889 | F8: 0.60138889 | G8: 0.70555556 | H8: 0.81666667
A9: LONGDALE | B9: -26.198503123750555, 27.962929509129903 | C9: 0.25972222 | D9: 0.36388889 | E9: 0.47847222 | F9: 0.60347222 | G9: 0.70763889 | H9: 0.81875
A10: NEW CANADA | B10: -26.214411850342184, 27.94240072447306 | C10: 0.26458333 | D10: 0.36875 | E10: 0.48333333 | F10: 0.60833333 | G10: 0.7125 | H10: 0.82361111
A11: MLAMLANKUNZI | B11: -26.22594835366509, 27.928217035582186 | C11: 0.26736111 | D11: 0.37152778 | E11: 0.48611111 | F11: 0.61111111 | G11: 0.71527778 | H11: 0.82638889
A12: ORLANDO | B12: -26.237577526260885, 27.91727947272508 | C12: 0.27083333 | D12: 0.375 | E12: 0.48958333 | F12: 0.61458333 | G12: 0.71875 | H12: 0.82986111
A13: NANCEFIELD | B13: -26.25168123666912, 27.906423465881122 | C13: 0.27430556 | D13: 0.37847222 | E13: 0.49305556 | F13: 0.61805556 | G13: 0.72222222 | H13: 0.83333333
... A16: MIDWAY | B16: -26.292695060119772, 27.851230923913732 | C16: 0.28472222 | D16: 0.38888889 | E16: 0.50347222 | F16: 0.62847222 | G16: 0.73263889 | H16: 0.84375

Sheet MIDWY-to-JHB_Weekday
A1: Last Updated: | B1: ='JHB-to-MIDWY_Weekday'!B1 -> 45840 | C1: ='JHB-to-MIDWY_Weekday'!C1 -> Z1
A2: STATION | B2: COORDINATES | C2: 9003 | D2: 9005 | E2: 9007 | F2: 9009 | G2: 9011 | H2: 9013
A3: MIDWAY | B3: -26.292695060119772, 27.851230923913732 | C3: 0.1875 | D3: 0.29166667 | E3: 0.39583333 | F3: 0.52083333 | G3: 0.63541667 | H3: 0.73958333
A4: TSHIAWELO | B4: -26.288947777153577, 27.87068768853021 | C4: 0.19097222 | D4: 0.29513889 | E4: 0.39930556 | F4: 0.52430556 | G4: 0.63888889 | H4: 0.74305556
A5: KLIPTOWN | B5: -26.272809958189928, 27.887633494308975 | C5: 0.19583333 | D5: 0.3 | E5: 0.40416667 | F5: 0.52916667 | G5: 0.64375 | H5: 0.74722222
A6: NANCEFIELD | B6: -26.25168123666912, 27.906423465881122 | C6: 0.2 | D6: 0.30416667 | E6: 0.40833333 | F6: 0.53333333 | G6: 0.64791667 | H6: 0.75138889
A7: ORLANDO | B7: -26.237577526260885, 27.91727947272508 | C7: 0.20347222 | D7: 0.30763889 | E7: 0.41180556 | F7: 0.53680556 | G7: 0.65138889 | H7: 0.75416667
A8: MLAMLANKUNZI | B8: -26.22594835366509, 27.928217035582186 | C8: 0.20555556 | D8: 0.30972222 | E8: 0.41388889 | F8: 0.53888889 | G8: 0.65347222 | H8: 0.75625
A9: NEW CANADA | B9: -26.214411850342184, 27.94240072447306 | C9: 0.20902778 | D9: 0.31319444 | E9: 0.41736111 | F9: 0.54236111 | G9: 0.65694444 | H9: 0.75902778
A10: LONGDALE | B10: -26.198503123750555, 27.962929509129903 | C10: 0.21319444 | D10: 0.31736111 | E10: 0.42152778 | F10: 0.54652778 | G10: 0.66111111 | H10: 0.76388889
A11: CROESUS | B11: -26.201595050664512, 27.97172133796557 | C11: 0.21527778 | D11: 0.31944444 | E11: 0.42361111 | F11: 0.54861111 | G11: 0.66319444 | H11: 0.76527778
A12: LANGLAAGTE | B12: -26.201719229862785, 27.990539266801267 | C12: 0.21944444 | D12: 0.32361111 | E12: 0.42777778 | F12: 0.55277778 | G12: 0.66736111 | H12: 0.76944444
A13: GROSVENOR | B13: -26.202962977069127, 28.00593136680137 | C13: 0.22291667 | D13: 0.32708333 | E13: 0.43125 | F13: 0.55625 | G13: 0.67083333 | H13: 0.77222222
... A16: JOHANNESBURG | B16: -26.197647593316965, 28.04233618836466 | C16: 0.23263889 | D16: 0.33680556 | E16: 0.44097222 | F16: 0.56597222 | G16: 0.68055556 | H16: 0.78125

Sheet JHB-to-MIDWY_Sat
A1: Last Updated: | B1: Unspecified | C1: ='JHB-to-MIDWY_Weekday'!C1 -> Z1
A2: STATION | B2: COORDINATES | C2: 9004 | D2: 9012 | E2: 9014
A3: JOHANNESBURG | B3: -26.197647593316965, 28.04233618836466 | C3: 0.31597222 | D3: 0.64583333 | E3: 0.75
A4: BRAAMFONTEIN | B4: -26.19785038795819, 28.022075850924722 | C4: 0.32083333 | D4: 0.65069444 | E4: 0.75486111
A5: MAYFAIR | B5: -26.204357573800028, 28.014409877846887 | C5: 0.32569444 | D5: 0.65555556 | E5: 0.75972222
A6: GROSVENOR | B6: -26.202962977069127, 28.00593136680137 | C6: 0.32777778 | D6: 0.65763889 | E6: 0.76180556
A7: LANGLAAGTE | B7: -26.201719229862785, 27.990539266801267 | C7: 0.33055556 | D7: 0.66041667 | E7: 0.76458333
A8: CROESUS | B8: -26.201595050664512, 27.97172133796557 | C8: 0.33402778 | D8: 0.66388889 | E8: 0.76805556
A9: LONGDALE | B9: -26.198503123750555, 27.962929509129903 | C9: 0.33611111 | D9: 0.66597222 | E9: 0.77013889
A10: NEW CANADA | B10: -26.214411850342184, 27.94240072447306 | C10: 0.34097222 | D10: 0.67083333 | E10: 0.775
A11: MLAMLANKUNZI | B11: -26.22594835366509, 27.928217035582186 | C11: 0.34375 | D11: 0.67361111 | E11: 0.77777778
A12: ORLANDO | B12: -26.237577526260885, 27.91727947272508 | C12: 0.34652778 | D12: 0.67638889 | E12: 0.78055556
A13: NANCEFIELD | B13: -26.25168123666912, 27.906423465881122 | C13: 0.35069444 | D13: 0.68055556 | E13: 0.78472222
... A16: MIDWAY | B16: -26.292695060119772, 27.851230923913732 | C16: 0.36111111 | D16: 0.69097222 | E16: 0.79513889

Sheet MIDWY-to-JHB_Sat
A1: Last Updated: | B1: ='JHB-to-MIDWY_Sat'!B1 -> Unspecified | C1: ='JHB-to-MIDWY_Sat'!C1 -> Z1
A2: STATION | B2: COORDINATES | C2: 9003 | D2: 9005 | E2: 9013
A3: MIDWAY | B3: -26.292695060119772, 27.851230923913732 | C3: 0.26388889 | D3: 0.36805556 | E3: 0.69791667
A4: TSHIAWELO | B4: -26.288947777153577, 27.87068768853021 | C4: 0.26736111 | D4: 0.37152778 | E4: 0.70138889
A5: KLIPTOWN | B5: -26.272809958189928, 27.887633494308975 | C5: 0.27222222 | D5: 0.37638889 | E5: 0.70625
A6: NANCEFIELD | B6: -26.25168123666912, 27.906423465881122 | C6: 0.27638889 | D6: 0.38055556 | E6: 0.71041667
A7: ORLANDO | B7: -26.237577526260885, 27.91727947272508 | C7: 0.27986111 | D7: 0.38402778 | E7: 0.71388889
A8: MLAMLANKUNZI | B8: -26.22594835366509, 27.928217035582186 | C8: 0.28263889 | D8: 0.38680556 | E8: 0.71666667
A9: NEW CANADA | B9: -26.214411850342184, 27.94240072447306 | C9: 0.28541667 | D9: 0.38958333 | E9: 0.71944444
A10: LONGDALE | B10: -26.198503123750555, 27.962929509129903 | C10: 0.28958333 | D10: 0.39444444 | E10: 0.72430556
A11: CROESUS | B11: -26.201595050664512, 27.97172133796557 | C11: 0.29236111 | D11: 0.39652778 | E11: 0.72638889
A12: LANGLAAGTE | B12: -26.201719229862785, 27.990539266801267 | C12: 0.29652778 | D12: 0.40069444 | E12: 0.73055556
A13: GROSVENOR | B13: -26.202962977069127, 28.00593136680137 | C13: 0.29930556 | D13: 0.40347222 | E13: 0.73333333
... A16: JOHANNESBURG | B16: -26.197647593316965, 28.04233618836466 | C16: 0.30902778 | D16: 0.41319444 | E16: 0.74305556
